Include=yes;Acq Date=2006-01-11;Acq Time=04:23:12;Species=;Cell Type=;ID=;Age=;Sex=unknown;Genotype=;Condition1=;Condition2=;Note=;
,spikeNumber,detectionType,sweep,epoch,epochLevel,sweepSpikeNumber,userType,errors,analysisDate,analysisTime,modDate,modTime,analysisVersion,interfaceVersion,file,condition,dvdtThreshold,mvThreshold,medianFilter,halfHeights,thresholdPnt,thresholdSec,thresholdVal,thresholdVal_dvdt,dacCommand,peakPnt,peakSec,peakVal,peakHeight,timeToPeak_ms,fastAhpPnt,fastAhpSec,fastAhpValue,preMinPnt,preMinVal,preLinearFitPnt0,preLinearFitPnt1,earlyDiastolicDuration_ms,preLinearFitVal0,preLinearFitVal1,earlyDiastolicDurationRate,lateDiastolicDuration,preSpike_dvdt_max_pnt,preSpike_dvdt_max_val,preSpike_dvdt_max_val2,postSpike_dvdt_min_pnt,postSpike_dvdt_min_val,postSpike_dvdt_min_val2,isi_pnts,isi_ms,spikeFreq_hz,cycleLength_pnts,cycleLength_ms,diastolicDuration_ms,widths,widths_10,widths_20,widths_50,widths_80,widths_90,user_timeToPeak_ms,Include,Acq Date,Acq Time,Species,Cell Type,ID,Age,Sex,Genotype,Condition1,Condition2,Note
0,0,mv,0,0,0.0,0,0,"[{'Spike': 0, 'Seconds': np.float64(0.0397), 'Sweep': 0, 'Epoch': 0, 'Type': 'Pre spike min under-run (mdp)', 'Details': 'Went past startPnt 0 searching for pre-spike min'}]",20260908,16:37:51,,,20230324a,20230324a,20191009_0005.abf,,20.0,-20.0,0,"[10, 20, 50, 80, 90]",397,0.039700000000000006,-18.720354352678562,12.426259566326522,,474,0.0474,14.177594866071422,32.897949218749986,7.699999999999991,550,0.055,11.343819754464281,107,-46.95539202008926,136,252,11.6,-46.07282366071426,-44.66901506696426,63.10160510404337,,406,-9.538922991071423,14.496472417091816,526,12.207031249999995,-5.35614636479591,,,,,,29.0,"[{'halfHeight': 10, 'risingPnt': np.int64(401), 'fallingPnt': np.int64(1212), 'widthPnts': np.int64(811), 'widthMs': np.float64(81.1)}, {'halfHeight': 20, 'risingPnt': np.int64(405), 'fallingPnt': np.int64(1156), 'widthPnts': np.int64(751), 'widthMs': np.float64(75.1)}, {'halfHeight': 50, 'risingPnt': np.int64(416), 'fallingPnt': np.int64(975), 'widthPnts': np.int64(559), 'widthMs': np.float64(55.9)}, {'halfHeight': 80, 'risingPnt': np.int64(434), 'fallingPnt': np.int64(753), 'widthPnts': np.int64(319), 'widthMs': np.float64(31.9)}, {'halfHeight': 90, 'risingPnt': np.int64(444), 'fallingPnt': np.int64(592), 'widthPnts': np.int64(148), 'widthMs': np.float64(14.8)}]",81.1,75.1,55.9,31.9,14.8,7.699999999999991,yes,2006-01-11,04:23:12,,,,,unknown,,,,
1,1,mv,0,0,0.0,1,0,[],20260908,16:37:51,,,20230324a,20230324a,20191009_0005.abf,,20.0,-20.0,0,"[10, 20, 50, 80, 90]",15263,1.5263,-19.993373325892847,11.835837850765303,,15340,1.534,13.680594308035706,33.673967633928555,7.70000000000004,15415,1.5415,10.550362723214281,13915,-50.35749162946426,14050,14589,53.9,-49.62158203124998,-48.20033482142855,28.47448403218475,,15285,-0.5493164062499999,12.590680803571416,15461,11.108398437499995,-6.43484933035714,14866.0,1486.6,0.6726759047490919,13808.0,1380.8,134.8,"[{'halfHeight': 10, 'risingPnt': np.int64(15266), 'fallingPnt': np.int64(16127), 'widthPnts': np.int64(861), 'widthMs': np.float64(86.1)}, {'halfHeight': 20, 'risingPnt': np.int64(15270), 'fallingPnt': np.int64(16065), 'widthPnts': np.int64(795), 'widthMs': np.float64(79.5)}, {'halfHeight': 50, 'risingPnt': np.int64(15282), 'fallingPnt': np.int64(15886), 'widthPnts': np.int64(604), 'widthMs': np.float64(60.4)}, {'halfHeight': 80, 'risingPnt': np.int64(15299), 'fallingPnt': np.int64(15666), 'widthPnts': np.int64(367), 'widthMs': np.float64(36.7)}, {'halfHeight': 90, 'risingPnt': np.int64(15309), 'fallingPnt': np.int64(15523), 'widthPnts': np.int64(214), 'widthMs': np.float64(21.4)}]",86.1,79.5,60.4,36.7,21.4,7.70000000000004,yes,2006-01-11,04:23:12,,,,,unknown,,,,
2,2,mv,0,1,0.0,2,0,[],20260908,16:37:51,,,20230324a,20230324a,20191009_0005.abf,,20.0,-20.0,0,"[10, 20, 50, 80, 90]",52279,5.2279,-19.932338169642847,11.648995535714274,,52349,5.2349,16.278948102678562,36.21128627232141,6.999999999999673,52422,5.2421999999999995,11.570521763392852,50932,-50.77410016741069,51067,51606,53.9,-50.19705636160712,-47.555106026785694,43.50659543451528,,52284,-14.404296874999993,14.013173628826516,52501,11.727469308035708,-5.473234215561224,37016.0,3701.6,0.2701534471579857,37017.0,3701.7,134.7,"[{'halfHeight': 10, 'risingPnt': np.int64(52283), 'fallingPnt': np.int64(53051), 'widthPnts': np.int64(768), 'widthMs': np.float64(76.8)}, {'halfHeight': 20, 'risingPnt': np.int64(52287), 'fallingPnt': np.int64(53003), 'widthPnts': np.int64(716), 'widthMs': np.float64(71.6)}, {'halfHeight': 50, 'risingPnt': np.int64(52299), 'fallingPnt': np.int64(52837), 'widthPnts': np.int64(538), 'widthMs': np.float64(53.8)}, {'halfHeight': 80, 'risingPnt': np.int64(52317), 'fallingPnt': np.int64(52587), 'widthPnts': np.int64(270), 'widthMs': np.float64(27.0)}, {'halfHeight': 90, 'risingPnt': np.int64(52327), 'fallingPnt': np.int64(52405), 'widthPnts': np.int64(78), 'widthMs': np.float64(7.8)}]",76.8,71.6,53.8,27.0,7.8,6.999999999999673,yes,2006-01-11,04:23:12,,,,,unknown,,,,
3,3,mv,0,1,0.0,3,0,"[{'Spike': 3, 'Seconds': np.float64(6.077), 'Sweep': 0, 'Epoch': 1, 'Type': 'Fast AHP was detected at end of fast AHP window', 'Details': 'Consider increasing the fast AHP window with fastAhpWindow_ms'}]",20260908,16:37:51,,,20230324a,20230324a,20191009_0005.abf,,20.0,-20.0,0,"[10, 20, 50, 80, 90]",60770,6.077,-18.990652901785705,10.640047034438764,,60836,6.083600000000001,17.674037388392847,36.664690290178555,6.600000000000605,60915,6.0915,12.651715959821422,59589,-50.64644949776783,59707,60179,47.2,-49.91803850446426,-46.61342075892855,63.876239559943365,,60773,-15.380859374999993,12.324119100765289,60922,12.337820870535708,-3.74930245535714,8491.0,849.1,1.177717583323519,8657.0,865.7,118.1,"[{'halfHeight': 10, 'risingPnt': np.int64(60773), 'fallingPnt': np.int64(61555), 'widthPnts': np.int64(782), 'widthMs': np.float64(78.2)}, {'halfHeight': 20, 'risingPnt': np.int64(60777), 'fallingPnt': np.int64(61503), 'widthPnts': np.int64(726), 'widthMs': np.float64(72.6)}, {'halfHeight': 50, 'risingPnt': np.int64(60789), 'fallingPnt': np.int64(61326), 'widthPnts': np.int64(537), 'widthMs': np.float64(53.7)}, {'halfHeight': 80, 'risingPnt': np.int64(60805), 'fallingPnt': np.int64(61057), 'widthPnts': np.int64(252), 'widthMs': np.float64(25.2)}, {'halfHeight': 90, 'risingPnt': np.int64(60816), 'fallingPnt': np.int64(60895), 'widthPnts': np.int64(79), 'widthMs': np.float64(7.9)}]",78.2,72.6,53.7,25.2,7.9,6.600000000000605,yes,2006-01-11,04:23:12,,,,,unknown,,,,
4,4,mv,0,1,0.0,4,0,[],20260908,16:37:51,,,20230324a,20230324a,20191009_0005.abf,,20.0,-20.0,0,"[10, 20, 50, 80, 90]",95867,9.5867,-19.73179408482142,10.677415497448958,,95935,9.5935,19.217354910714278,38.949148995535694,6.800000000000139,96013,9.601299999999998,13.933454241071422,94308,-50.42114257812497,94464,95088,62.4,-49.30768694196426,-47.145298549107125,29.282024507958365,,95876,-8.850097656249996,15.747070312499984,95964,16.993931361607135,-5.620216836734697,35097.0,3509.7,0.2849246374333989,34719.0,3471.9,155.9,"[{'halfHeight': 10, 'risingPnt': np.int64(95870), 'fallingPnt': np.int64(96699), 'widthPnts': np.int64(829), 'widthMs': np.float64(82.9)}, {'halfHeight': 20, 'risingPnt': np.int64(95874), 'fallingPnt': np.int64(96614), 'widthPnts': np.int64(740), 'widthMs': np.float64(74.0)}, {'halfHeight': 50, 'risingPnt': np.int64(95886), 'fallingPnt': np.int64(96429), 'widthPnts': np.int64(543), 'widthMs': np.float64(54.3)}, {'halfHeight': 80, 'risingPnt': np.int64(95903), 'fallingPnt': np.int64(96149), 'widthPnts': np.int64(246), 'widthMs': np.float64(24.6)}, {'halfHeight': 90, 'risingPnt': np.int64(95912), 'fallingPnt': np.int64(95988), 'widthPnts': np.int64(76), 'widthMs': np.float64(7.6)}]",82.9,74.0,54.3,24.6,7.6,6.800000000000139,yes,2006-01-11,04:23:12,,,,,unknown,,,,
5,5,mv,0,1,0.0,5,0,"[{'Spike': 5, 'Seconds': np.float64(13.1278), 'Sweep': 0, 'Epoch': 1, 'Type': 'Fit EDD', 'Details': 'Early diastolic duration rate fit - Too low 3.856<=8'}]",20260908,16:37:51,,,20230324a,20230324a,20191009_0005.abf,,20.0,-20.0,0,"[10, 20, 50, 80, 90]",131278,13.127799999999999,-19.208635602678562,10.971380739795919,,131342,13.1342,20.16775948660713,39.376395089285694,6.4000000000010715,131419,13.1419,13.192313058035708,129105,-52.20633370535712,129322,130191,86.9,-51.217215401785694,-50.258091517857125,3.8564235076074236,,131280,-16.27022879464285,14.56871811224488,131413,13.471330915178564,-4.514110331632646,35411.0,3541.1,0.28239812487645083,34797.0,3479.7,217.3,"[{'halfHeight': 10, 'risingPnt': np.int64(131281), 'fallingPnt': np.int64(132022), 'widthPnts': np.int64(741), 'widthMs': np.float64(74.1)}, {'halfHeight': 20, 'risingPnt': np.int64(131285), 'fallingPnt': np.int64(131956), 'widthPnts': np.int64(671), 'widthMs': np.float64(67.1)}, {'halfHeight': 50, 'risingPnt': np.int64(131296), 'fallingPnt': np.int64(131779), 'widthPnts': np.int64(483), 'widthMs': np.float64(48.3)}, {'halfHeight': 80, 'risingPnt': np.int64(131311), 'fallingPnt': np.int64(131443), 'widthPnts': np.int64(132), 'widthMs': np.float64(13.2)}, {'halfHeight': 90, 'risingPnt': np.int64(131321), 'fallingPnt': np.int64(131388), 'widthPnts': np.int64(67), 'widthMs': np.float64(6.7)}]",74.1,67.1,48.3,13.2,6.7,6.4000000000010715,yes,2006-01-11,04:23:12,,,,,unknown,,,,
6,6,mv,0,1,0.0,6,0,[],20260908,16:37:51,,,20230324a,20230324a,20191009_0005.abf,,20.0,-20.0,0,"[10, 20, 50, 80, 90]",157298,15.7298,-19.444056919642847,8.873764349489782,,157368,15.736799999999999,17.49093191964285,36.934988839285694,6.999999999999673,157442,15.744200000000001,12.56452287946428,155792,-52.359095982142826,155943,156545,60.2,-50.86844308035712,-48.37472098214283,44.70073540399889,,157305,-11.439732142857137,14.593630420918347,157463,12.704031808035708,-4.633689413265304,26020.0,2602.0,0.38431975403535745,26687.0,2668.7,150.6,"[{'halfHeight': 10, 'risingPnt': np.int64(157302), 'fallingPnt': np.int64(158081), 'widthPnts': np.int64(779), 'widthMs': np.float64(77.9)}, {'halfHeight': 20, 'risingPnt': np.int64(157305), 'fallingPnt': np.int64(158033), 'widthPnts': np.int64(728), 'widthMs': np.float64(72.8)}, {'halfHeight': 50, 'risingPnt': np.int64(157317), 'fallingPnt': np.int64(157839), 'widthPnts': np.int64(522), 'widthMs': np.float64(52.2)}, {'halfHeight': 80, 'risingPnt': np.int64(157333), 'fallingPnt': np.int64(157595), 'widthPnts': np.int64(262), 'widthMs': np.float64(26.2)}, {'halfHeight': 90, 'risingPnt': np.int64(157341), 'fallingPnt': np.int64(157423), 'widthPnts': np.int64(82), 'widthMs': np.float64(8.2)}]",77.9,72.8,52.2,26.2,8.2,6.999999999999673,yes,2006-01-11,04:23:12,,,,,unknown,,,,
7,7,mv,0,1,0.0,7,0,"[{'Spike': 7, 'Seconds': np.float64(16.3407), 'Sweep': 0, 'Epoch': 1, 'Type': 'Fast AHP was detected at end of fast AHP window', 'Details': 'Consider increasing the fast AHP window with fastAhpWindow_ms'}]",20260908,16:37:51,,,20230324a,20230324a,20191009_0005.abf,,20.0,-20.0,0,"[10, 20, 50, 80, 90]",163407,16.340700000000002,-19.478934151785705,11.937978316326516,,163492,16.3492,14.665876116071422,34.144810267857125,8.499999999997954,163571,16.3571,12.093680245535708,161316,-53.17400251116069,161525,162362,83.7,-51.6531808035714,-48.82812499999998,30.792304408135745,,163408,-18.110002790178562,12.41131218112243,163509,13.46261160714285,-5.047233737244884,6109.0,610.9,1.636929120969062,5524.0,552.4,209.1,"[{'halfHeight': 10, 'risingPnt': np.int64(163411), 'fallingPnt': np.int64(164239), 'widthPnts': np.int64(828), 'widthMs': np.float64(82.8)}, {'halfHeight': 20, 'risingPnt': np.int64(163414), 'fallingPnt': np.int64(164187), 'widthPnts': np.int64(773), 'widthMs': np.float64(77.3)}, {'halfHeight': 50, 'risingPnt': np.int64(163425), 'fallingPnt': np.int64(164010), 'widthPnts': np.int64(585), 'widthMs': np.float64(58.5)}, {'halfHeight': 80, 'risingPnt': np.int64(163443), 'fallingPnt': np.int64(163805), 'widthPnts': np.int64(362), 'widthMs': np.float64(36.2)}, {'halfHeight': 90, 'risingPnt': np.int64(163453), 'fallingPnt': np.int64(163592), 'widthPnts': np.int64(139), 'widthMs': np.float64(13.9)}]",82.8,77.3,58.5,36.2,13.9,8.499999999997954,yes,2006-01-11,04:23:12,,,,,unknown,,,,
8,8,mv,0,1,0.0,8,0,"[{'Spike': 8, 'Seconds': np.float64(19.9789), 'Sweep': 0, 'Epoch': 1, 'Type': 'Fast AHP was detected at end of fast AHP window', 'Details': 'Consider increasing the fast AHP window with fastAhpWindow_ms'}]",20260908,16:37:51,,,20230324a,20230324a,20191009_0005.abf,,20.0,-20.0,0,"[10, 20, 50, 80, 90]",199789,19.978900000000003,-19.539969308035705,10.632573341836729,,199865,19.9865,16.383579799107135,35.92354910714284,7.5999999999964984,199944,19.994400000000002,12.346540178571422,197657,-50.721609933035694,197870,198723,85.3,-49.30768694196426,-46.64829799107141,22.265694121663845,,199794,-14.264787946428564,12.710259885204065,199880,15.11056082589285,-4.810566804846924,36382.0,3638.2,0.2748611950964763,36341.0,3634.1,213.2,"[{'halfHeight': 10, 'risingPnt': np.int64(199793), 'fallingPnt': np.int64(200587), 'widthPnts': np.int64(794), 'widthMs': np.float64(79.4)}, {'halfHeight': 20, 'risingPnt': np.int64(199797), 'fallingPnt': np.int64(200523), 'widthPnts': np.int64(726), 'widthMs': np.float64(72.6)}, {'halfHeight': 50, 'risingPnt': np.int64(199809), 'fallingPnt': np.int64(200364), 'widthPnts': np.int64(555), 'widthMs': np.float64(55.5)}, {'halfHeight': 80, 'risingPnt': np.int64(199828), 'fallingPnt': np.int64(200112), 'widthPnts': np.int64(284), 'widthMs': np.float64(28.4)}, {'halfHeight': 90, 'risingPnt': np.int64(199836), 'fallingPnt': np.int64(199940), 'widthPnts': np.int64(104), 'widthMs': np.float64(10.4)}]",79.4,72.6,55.5,28.4,10.4,7.5999999999964984,yes,2006-01-11,04:23:12,,,,,unknown,,,,
9,9,mv,0,1,0.0,9,0,[],20260908,16:37:51,,,20230324a,20230324a,20191009_0005.abf,,20.0,-20.0,0,"[10, 20, 50, 80, 90]",210026,21.002599999999997,-19.73179408482142,9.309729751275498,,210099,21.009900000000002,15.31110491071428,35.0428989955357,7.300000000004303,210161,21.016099999999998,11.858258928571423,208658,-50.78857421874999,208795,209342,54.7,-49.92675781249998,-47.860281808035694,38.94907396379253,,210028,-17.325265066964278,12.388891103316329,210160,12.154715401785708,-4.3471978635204,10237.0,1023.7,0.976848686138517,11001.0,1100.1,136.8,"[{'halfHeight': 10, 'risingPnt': np.int64(210029), 'fallingPnt': np.int64(210814), 'widthPnts': np.int64(785), 'widthMs': np.float64(78.5)}, {'halfHeight': 20, 'risingPnt': np.int64(210033), 'fallingPnt': np.int64(210765), 'widthPnts': np.int64(732), 'widthMs': np.float64(73.2)}, {'halfHeight': 50, 'risingPnt': np.int64(210045), 'fallingPnt': np.int64(210607), 'widthPnts': np.int64(562), 'widthMs': np.float64(56.2)}, {'halfHeight': 80, 'risingPnt': np.int64(210063), 'fallingPnt': np.int64(210392), 'widthPnts': np.int64(329), 'widthMs': np.float64(32.9)}, {'halfHeight': 90, 'risingPnt': np.int64(210074), 'fallingPnt': np.int64(210229), 'widthPnts': np.int64(155), 'widthMs': np.float64(15.5)}]",78.5,73.2,56.2,32.9,15.5,7.300000000004303,yes,2006-01-11,04:23:12,,,,,unknown,,,,
10,10,mv,0,1,0.0,10,0,[],20260908,16:37:51,,,20230324a,20230324a,20191009_0005.abf,,20.0,-20.0,0,"[10, 20, 50, 80, 90]",241697,24.169700000000002,-19.138881138392847,10.368502869897965,,241777,24.1777,14.901297433035706,34.040178571428555,7.999999999999119,241853,24.185299999999998,11.797223772321423,240153,-50.001569475446416,240307,240925,61.8,-49.01123046874998,-46.75292968749998,22.875238947216936,,241702,-14.020647321428564,12.421277104591827,241829,12.468610491071423,-4.613759566326529,31671.0,3167.1,0.315746266300401,31495.0,3149.5,154.4,"[{'halfHeight': 10, 'risingPnt': np.int64(241701), 'fallingPnt': np.int64(242492), 'widthPnts': np.int64(791), 'widthMs': np.float64(79.1)}, {'halfHeight': 20, 'risingPnt': np.int64(241705), 'fallingPnt': np.int64(242442), 'widthPnts': np.int64(737), 'widthMs': np.float64(73.7)}, {'halfHeight': 50, 'risingPnt': np.int64(241716), 'fallingPnt': np.int64(242283), 'widthPnts': np.int64(567), 'widthMs': np.float64(56.7)}, {'halfHeight': 80, 'risingPnt': np.int64(241733), 'fallingPnt': np.int64(242053), 'widthPnts': np.int64(320), 'widthMs': np.float64(32.0)}, {'halfHeight': 90, 'risingPnt': np.int64(241742), 'fallingPnt': np.int64(241886), 'widthPnts': np.int64(144), 'widthMs': np.float64(14.4)}]",79.1,73.7,56.7,32.0,14.4,7.999999999999119,yes,2006-01-11,04:23:12,,,,,unknown,,,,
11,11,mv,0,1,0.0,11,0,"[{'Spike': 11, 'Seconds': np.float64(25.5942), 'Sweep': 0, 'Epoch': 1, 'Type': 'Fit EDD', 'Details': 'Early diastolic duration rate fit - Too low 2.484<=8'}]",20260908,16:37:51,,,20230324a,20230324a,20191009_0005.abf,,20.0,-20.0,0,"[10, 20, 50, 80, 90]",255942,25.5942,-19.234793526785705,11.502012914540806,,256037,25.6037,14.099121093749993,33.333914620535694,9.499999999999176,256112,25.6112,11.108398437499995,254137,-51.74019949776783,254317,255039,72.2,-50.43247767857141,-49.74365234374998,2.484083916448456,,255952,-9.617396763392852,12.127311862244879,256111,11.274065290178566,-4.8205317283163245,14245.0,1424.5,0.702000702000702,13984.0,1398.4,180.5,"[{'halfHeight': 10, 'risingPnt': np.int64(255946), 'fallingPnt': np.int64(256764), 'widthPnts': np.int64(818), 'widthMs': np.float64(81.8)}, {'halfHeight': 20, 'risingPnt': np.int64(255950), 'fallingPnt': np.int64(256704), 'widthPnts': np.int64(754), 'widthMs': np.float64(75.4)}, {'halfHeight': 50, 'risingPnt': np.int64(255961), 'fallingPnt': np.int64(256550), 'widthPnts': np.int64(589), 'widthMs': np.float64(58.9)}, {'halfHeight': 80, 'risingPnt': np.int64(255981), 'fallingPnt': np.int64(256321), 'widthPnts': np.int64(340), 'widthMs': np.float64(34.0)}, {'halfHeight': 90, 'risingPnt': np.int64(255990), 'fallingPnt': np.int64(256141), 'widthPnts': np.int64(151), 'widthMs': np.float64(15.1)}]",81.8,75.4,58.9,34.0,15.1,9.499999999999176,yes,2006-01-11,04:23:12,,,,,unknown,,,,
12,12,mv,0,1,0.0,12,0,[],20260908,16:37:51,,,20230324a,20230324a,20191009_0005.abf,,20.0,-20.0,0,"[10, 20, 50, 80, 90]",265284,26.5284,-19.679478236607135,9.773098692602034,,265368,26.5368,13.994489397321422,33.673967633928555,8.399999999998187,265438,26.5438,11.457170758928566,263350,-52.23196847098211,263543,264317,77.4,-51.24337332589283,-49.22921316964283,29.712031613044857,,265294,-9.791782924107139,12.41131218112244,265561,10.681152343749995,-4.646145567602042,9342.0,934.2,1.070434596446157,9213.0,921.3,193.4,"[{'halfHeight': 10, 'risingPnt': np.int64(265288), 'fallingPnt': np.int64(266160), 'widthPnts': np.int64(872), 'widthMs': np.float64(87.2)}, {'halfHeight': 20, 'risingPnt': np.int64(265291), 'fallingPnt': np.int64(266112), 'widthPnts': np.int64(821), 'widthMs': np.float64(82.1)}, {'halfHeight': 50, 'risingPnt': np.int64(265303), 'fallingPnt': np.int64(265939), 'widthPnts': np.int64(636), 'widthMs': np.float64(63.6)}, {'halfHeight': 80, 'risingPnt': np.int64(265321), 'fallingPnt': np.int64(265728), 'widthPnts': np.int64(407), 'widthMs': np.float64(40.7)}, {'halfHeight': 90, 'risingPnt': np.int64(265330), 'fallingPnt': np.int64(265562), 'widthPnts': np.int64(232), 'widthMs': np.float64(23.2)}]",87.2,82.1,63.6,40.7,23.2,8.399999999998187,yes,2006-01-11,04:23:12,,,,,unknown,,,,
13,13,mv,0,1,0.0,13,0,[],20260908,16:37:51,,,20230324a,20230324a,20191009_0005.abf,,20.0,-20.0,0,"[10, 20, 50, 80, 90]",297471,29.7471,-19.601004464285705,11.155731823979584,,297561,29.7561,14.779227120535706,34.38023158482141,9.000000000000341,297638,29.7638,11.413574218749995,296165,-50.42044503348212,296296,296818,52.2,-49.66517857142855,-47.45919363839283,42.449037812292595,,297482,-8.823939732142852,11.479591836734686,297678,11.134556361607137,-5.196707589285705,32187.0,3218.7,0.3106844378165098,32815.0,3281.5,130.6,"[{'halfHeight': 10, 'risingPnt': np.int64(297475), 'fallingPnt': np.int64(298280), 'widthPnts': np.int64(805), 'widthMs': np.float64(80.5)}, {'halfHeight': 20, 'risingPnt': np.int64(297479), 'fallingPnt': np.int64(298229), 'widthPnts': np.int64(750), 'widthMs': np.float64(75.0)}, {'halfHeight': 50, 'risingPnt': np.int64(297490), 'fallingPnt': np.int64(298066), 'widthPnts': np.int64(576), 'widthMs': np.float64(57.6)}, {'halfHeight': 80, 'risingPnt': np.int64(297508), 'fallingPnt': np.int64(297854), 'widthPnts': np.int64(346), 'widthMs': np.float64(34.6)}, {'halfHeight': 90, 'risingPnt': np.int64(297518), 'fallingPnt': np.int64(297650), 'widthPnts': np.int64(132), 'widthMs': np.float64(13.2)}]",80.5,75.0,57.6,34.6,13.2,9.000000000000341,yes,2006-01-11,04:23:12,,,,,unknown,,,,
14,14,mv,0,1,0.0,14,0,[],20260908,16:37:51,,,20230324a,20230324a,20191009_0005.abf,,20.0,-20.0,0,"[10, 20, 50, 80, 90]",330928,33.092800000000004,-19.845145089285705,9.601203762755098,,331018,33.101800000000004,12.477329799107137,32.32247488839284,9.000000000000341,331088,33.1088,10.375976562499995,329481,-48.56044224330354,329626,330205,57.9,-47.982352120535694,-46.36056082589283,21.757402030412823,,330930,-17.59556361607142,11.8781887755102,331105,10.872977120535708,-4.352180325255096,33457.0,3345.7,0.29889111396718177,33316.0,3331.6,144.7,"[{'halfHeight': 10, 'risingPnt': np.int64(330931), 'fallingPnt': np.int64(331726), 'widthPnts': np.int64(795), 'widthMs': np.float64(79.5)}, {'halfHeight': 20, 'risingPnt': np.int64(330935), 'fallingPnt': np.int64(331682), 'widthPnts': np.int64(747), 'widthMs': np.float64(74.7)}, {'halfHeight': 50, 'risingPnt': np.int64(330946), 'fallingPnt': np.int64(331517), 'widthPnts': np.int64(571), 'widthMs': np.float64(57.1)}, {'halfHeight': 80, 'risingPnt': np.int64(330964), 'fallingPnt': np.int64(331342), 'widthPnts': np.int64(378), 'widthMs': np.float64(37.8)}, {'halfHeight': 90, 'risingPnt': np.int64(330976), 'fallingPnt': np.int64(331193), 'widthPnts': np.int64(217), 'widthMs': np.float64(21.7)}]",79.5,74.7,57.1,37.8,21.7,9.000000000000341,yes,2006-01-11,04:23:12,,,,,unknown,,,,
15,15,mv,0,1,0.0,15,0,"[{'Spike': 15, 'Seconds': np.float64(34.5163), 'Sweep': 0, 'Epoch': 1, 'Type': 'Fit EDD', 'Details': 'Early diastolic duration rate fit - Too low -1.407<=8'}]",20260908,16:37:51,,,20230324a,20230324a,20191009_0005.abf,,20.0,-20.0,0,"[10, 20, 50, 80, 90]",345163,34.5163,-19.95849609374999,12.535873724489786,,345240,34.524,15.511648995535706,35.470145089285694,7.699999999999818,345300,34.53,12.032645089285708,343324,-50.87280273437497,343508,344244,73.6,-50.02267020089283,-49.38616071428569,-1.4069991966850575,,345168,-14.971051897321422,12.862224968112228,345427,11.352539062499995,-5.777164381377547,14235.0,1423.5,0.7024938531787847,13843.0,1384.3,183.9,"[{'halfHeight': 10, 'risingPnt': np.int64(345168), 'fallingPnt': np.int64(345968), 'widthPnts': np.int64(800), 'widthMs': np.float64(80.0)}, {'halfHeight': 20, 'risingPnt': np.int64(345171), 'fallingPnt': np.int64(345919), 'widthPnts': np.int64(748), 'widthMs': np.float64(74.8)}, {'halfHeight': 50, 'risingPnt': np.int64(345182), 'fallingPnt': np.int64(345749), 'widthPnts': np.int64(567), 'widthMs': np.float64(56.7)}, {'halfHeight': 80, 'risingPnt': np.int64(345200), 'fallingPnt': np.int64(345521), 'widthPnts': np.int64(321), 'widthMs': np.float64(32.1)}, {'halfHeight': 90, 'risingPnt': np.int64(345210), 'fallingPnt': np.int64(345327), 'widthPnts': np.int64(117), 'widthMs': np.float64(11.7)}]",80.0,74.8,56.7,32.1,11.7,7.699999999999818,yes,2006-01-11,04:23:12,,,,,unknown,,,,
16,16,mv,0,1,0.0,16,0,"[{'Spike': 16, 'Seconds': np.float64(36.2043), 'Sweep': 0, 'Epoch': 1, 'Type': 'Fit EDD', 'Details': 'Early diastolic duration rate fit - Too low 4.542<=8'}]",20260908,16:37:51,,,20230324a,20230324a,20191009_0005.abf,,20.0,-20.0,0,"[10, 20, 50, 80, 90]",362043,36.2043,-19.95849609374999,9.36951929209182,,362115,36.2115,14.892578124999993,34.851074218749986,7.199999999997431,362191,36.2191,12.276785714285708,359844,-48.45807756696426,360064,360944,88.0,-46.77908761160712,-46.42159598214283,4.541539710298743,,362053,-9.77434430803571,13.729173309948964,362139,13.820103236607137,-4.982461734693867,16880.0,1688.0,0.5924170616113744,16520.0,1652.0,219.9,"[{'halfHeight': 10, 'risingPnt': np.int64(362047), 'fallingPnt': np.int64(362914), 'widthPnts': np.int64(867), 'widthMs': np.float64(86.7)}, {'halfHeight': 20, 'risingPnt': np.int64(362051), 'fallingPnt': np.int64(362851), 'widthPnts': np.int64(800), 'widthMs': np.float64(80.0)}, {'halfHeight': 50, 'risingPnt': np.int64(362062), 'fallingPnt': np.int64(362674), 'widthPnts': np.int64(612), 'widthMs': np.float64(61.2)}, {'halfHeight': 80, 'risingPnt': np.int64(362079), 'fallingPnt': np.int64(362467), 'widthPnts': np.int64(388), 'widthMs': np.float64(38.8)}, {'halfHeight': 90, 'risingPnt': np.int64(362089), 'fallingPnt': np.int64(362294), 'widthPnts': np.int64(205), 'widthMs': np.float64(20.5)}]",86.7,80.0,61.2,38.8,20.5,7.199999999997431,yes,2006-01-11,04:23:12,,,,,unknown,,,,
17,17,mv,0,1,0.0,17,0,[],20260908,16:37:51,,,20230324a,20230324a,20191009_0005.abf,,20.0,-20.0,0,"[10, 20, 50, 80, 90]",375283,37.5283,-19.98465401785713,10.824398118622447,,375375,37.5375,13.942173549107135,33.92682756696426,9.199999999999875,375450,37.545,11.866978236607137,373184,-50.523856026785694,373394,374234,84.0,-49.59542410714283,-47.75565011160712,18.721989276447278,,375297,-6.600516183035711,13.273278061224483,375388,13.000488281249995,-4.215162627551018,13240.0,1324.0,0.755287009063444,13340.0,1334.0,209.9,"[{'halfHeight': 10, 'risingPnt': np.int64(375287), 'fallingPnt': np.int64(376095), 'widthPnts': np.int64(808), 'widthMs': np.float64(80.8)}, {'halfHeight': 20, 'risingPnt': np.int64(375290), 'fallingPnt': np.int64(376050), 'widthPnts': np.int64(760), 'widthMs': np.float64(76.0)}, {'halfHeight': 50, 'risingPnt': np.int64(375302), 'fallingPnt': np.int64(375887), 'widthPnts': np.int64(585), 'widthMs': np.float64(58.5)}, {'halfHeight': 80, 'risingPnt': np.int64(375322), 'fallingPnt': np.int64(375676), 'widthPnts': np.int64(354), 'widthMs': np.float64(35.4)}, {'halfHeight': 90, 'risingPnt': np.int64(375331), 'fallingPnt': np.int64(375567), 'widthPnts': np.int64(236), 'widthMs': np.float64(23.6)}]",80.8,76.0,58.5,35.4,23.6,9.199999999999875,yes,2006-01-11,04:23:12,,,,,unknown,,,,
18,18,mv,0,1,0.0,18,0,[],20260908,16:37:51,,,20230324a,20230324a,20191009_0005.abf,,20.0,-20.0,0,"[10, 20, 50, 80, 90]",379851,37.985099999999996,-19.810267857142847,12.035136320153049,,379925,37.9925,15.084402901785706,34.894670758928555,7.40000000000407,379998,37.9998,11.823381696428566,377806,-53.8736397879464,378010,378828,81.8,-52.30712890624998,-49.94419642857141,30.60831735779457,,379862,-7.829938616071425,13.310646524234679,380120,11.553083147321423,-5.8967434630102,4568.0,456.8,2.189141856392294,4622.0,462.2,204.5,"[{'halfHeight': 10, 'risingPnt': np.int64(379855), 'fallingPnt': np.int64(380783), 'widthPnts': np.int64(928), 'widthMs': np.float64(92.8)}, {'halfHeight': 20, 'risingPnt': np.int64(379858), 'fallingPnt': np.int64(380732), 'widthPnts': np.int64(874), 'widthMs': np.float64(87.4)}, {'halfHeight': 50, 'risingPnt': np.int64(379869), 'fallingPnt': np.int64(380556), 'widthPnts': np.int64(687), 'widthMs': np.float64(68.7)}, {'halfHeight': 80, 'risingPnt': np.int64(379885), 'fallingPnt': np.int64(380300), 'widthPnts': np.int64(415), 'widthMs': np.float64(41.5)}, {'halfHeight': 90, 'risingPnt': np.int64(379896), 'fallingPnt': np.int64(380120), 'widthPnts': np.int64(224), 'widthMs': np.float64(22.4)}]",92.8,87.4,68.7,41.5,22.4,7.40000000000407,yes,2006-01-11,04:23:12,,,,,unknown,,,,
19,19,mv,0,1,0.0,19,0,[],20260908,16:37:51,,,20230324a,20230324a,20191009_0005.abf,,20.0,-20.0,0,"[10, 20, 50, 80, 90]",388586,38.858599999999996,-18.947056361607135,10.291274713010193,,388692,38.8692,13.52364676339285,32.470703124999986,10.600000000003718,388748,38.8748,11.840820312499995,386808,-51.22698102678568,386986,387697,71.1,-49.85700334821426,-48.51422991071426,19.573485693903653,,388589,-15.694754464285706,12.897102200255095,388783,11.500767299107137,-5.478216677295915,8735.0,873.5,1.1448196908986834,9002.0,900.2,177.8,"[{'halfHeight': 10, 'risingPnt': np.int64(388589), 'fallingPnt': np.int64(389416), 'widthPnts': np.int64(827), 'widthMs': np.float64(82.7)}, {'halfHeight': 20, 'risingPnt': np.int64(388593), 'fallingPnt': np.int64(389370), 'widthPnts': np.int64(777), 'widthMs': np.float64(77.7)}, {'halfHeight': 50, 'risingPnt': np.int64(388604), 'fallingPnt': np.int64(389209), 'widthPnts': np.int64(605), 'widthMs': np.float64(60.5)}, {'halfHeight': 80, 'risingPnt': np.int64(388622), 'fallingPnt': np.int64(388972), 'widthPnts': np.int64(350), 'widthMs': np.float64(35.0)}, {'halfHeight': 90, 'risingPnt': np.int64(388633), 'fallingPnt': np.int64(388853), 'widthPnts': np.int64(220), 'widthMs': np.float64(22.0)}]",82.7,77.7,60.5,35.0,22.0,10.600000000003718,yes,2006-01-11,04:23:12,,,,,unknown,,,,
20,20,mv,0,1,0.0,20,0,[],20260908,16:37:51,,,20230324a,20230324a,20191009_0005.abf,,20.0,-20.0,0,"[10, 20, 50, 80, 90]",395996,39.599599999999995,-19.531249999999993,9.327168367346925,,396079,39.6079,13.558523995535708,33.0897739955357,8.300000000005525,396140,39.614,10.576520647321423,394701,-52.24696568080354,394831,395349,51.8,-51.46135602678569,-48.9065987723214,57.00774989527878,,396000,-15.41573660714285,12.142259247448973,396248,10.437011718749995,-5.047233737244893,7410.0,741.0,1.349527665317139,7893.0,789.3,129.5,"[{'halfHeight': 10, 'risingPnt': np.int64(396000), 'fallingPnt': np.int64(396854), 'widthPnts': np.int64(854), 'widthMs': np.float64(85.4)}, {'halfHeight': 20, 'risingPnt': np.int64(396003), 'fallingPnt': np.int64(396802), 'widthPnts': np.int64(799), 'widthMs': np.float64(79.9)}, {'halfHeight': 50, 'risingPnt': np.int64(396015), 'fallingPnt': np.int64(396631), 'widthPnts': np.int64(616), 'widthMs': np.float64(61.6)}, {'halfHeight': 80, 'risingPnt': np.int64(396031), 'fallingPnt': np.int64(396426), 'widthPnts': np.int64(395), 'widthMs': np.float64(39.5)}, {'halfHeight': 90, 'risingPnt': np.int64(396042), 'fallingPnt': np.int64(396300), 'widthPnts': np.int64(258), 'widthMs': np.float64(25.8)}]",85.4,79.9,61.6,39.5,25.8,8.300000000005525,yes,2006-01-11,04:23:12,,,,,unknown,,,,
21,21,mv,0,1,0.0,21,0,[],20260908,16:37:51,,,20230324a,20230324a,20191009_0005.abf,,20.0,-20.0,0,"[10, 20, 50, 80, 90]",404163,40.4163,-19.069126674107135,11.135801977040806,,404242,40.4242,16.470772879464278,35.539899553571416,7.899999999999352,404318,40.4318,12.407575334821423,403152,-47.76715959821426,403253,403658,40.5,-45.95075334821426,-45.67173549107141,25.319795957527127,,404171,-10.166713169642852,14.668367346938759,404259,15.284946986607137,-4.304846938775501,8167.0,816.7,1.2244398187829066,8451.0,845.1,101.1,"[{'halfHeight': 10, 'risingPnt': np.int64(404167), 'fallingPnt': np.int64(404988), 'widthPnts': np.int64(821), 'widthMs': np.float64(82.1)}, {'halfHeight': 20, 'risingPnt': np.int64(404170), 'fallingPnt': np.int64(404944), 'widthPnts': np.int64(774), 'widthMs': np.float64(77.4)}, {'halfHeight': 50, 'risingPnt': np.int64(404182), 'fallingPnt': np.int64(404771), 'widthPnts': np.int64(589), 'widthMs': np.float64(58.9)}, {'halfHeight': 80, 'risingPnt': np.int64(404199), 'fallingPnt': np.int64(404473), 'widthPnts': np.int64(274), 'widthMs': np.float64(27.4)}, {'halfHeight': 90, 'risingPnt': np.int64(404209), 'fallingPnt': np.int64(404303), 'widthPnts': np.int64(94), 'widthMs': np.float64(9.4)}]",82.1,77.4,58.9,27.4,9.4,7.899999999999352,yes,2006-01-11,04:23:12,,,,,unknown,,,,
22,22,mv,0,1,0.0,22,0,[],20260908,16:37:51,,,20230324a,20230324a,20191009_0005.abf,,20.0,-20.0,0,"[10, 20, 50, 80, 90]",414615,41.4615,-19.653320312499993,13.432716836734691,,414680,41.468,21.283830915178562,40.937151227678555,6.500000000002615,414756,41.4756,14.491489955357135,412806,-51.78327287946425,412987,413710,72.3,-50.86844308035712,-48.81068638392855,19.79513771321704,,414620,-13.209751674107137,15.94138632015303,414790,12.468610491071422,-4.890286192602042,10452.0,1045.2,0.9567546880979716,9654.0,965.4,180.9,"[{'halfHeight': 10, 'risingPnt': np.int64(414619), 'fallingPnt': np.int64(415430), 'widthPnts': np.int64(811), 'widthMs': np.float64(81.1)}, {'halfHeight': 20, 'risingPnt': np.int64(414622), 'fallingPnt': np.int64(415363), 'widthPnts': np.int64(741), 'widthMs': np.float64(74.1)}, {'halfHeight': 50, 'risingPnt': np.int64(414633), 'fallingPnt': np.int64(415142), 'widthPnts': np.int64(509), 'widthMs': np.float64(50.9)}, {'halfHeight': 80, 'risingPnt': np.int64(414648), 'fallingPnt': np.int64(414787), 'widthPnts': np.int64(139), 'widthMs': np.float64(13.9)}, {'halfHeight': 90, 'risingPnt': np.int64(414656), 'fallingPnt': np.int64(414725), 'widthPnts': np.int64(69), 'widthMs': np.float64(6.9)}]",81.1,74.1,50.9,13.9,6.9,6.500000000002615,yes,2006-01-11,04:23:12,,,,,unknown,,,,
23,23,mv,0,1,0.0,23,0,"[{'Spike': 23, 'Seconds': np.float64(42.305), 'Sweep': 0, 'Epoch': 1, 'Type': 'Fit EDD', 'Details': 'Early diastolic duration rate fit - Too low 7.713<=8'}]",20260908,16:37:51,,,20230324a,20230324a,20191009_0005.abf,,20.0,-20.0,0,"[10, 20, 50, 80, 90]",423050,42.305,-19.051688058035705,11.183135363520398,,423115,42.3115,20.089285714285705,39.14097377232141,6.500000000002615,423192,42.319199999999995,13.854980468749993,421473,-50.94447544642856,421631,422261,63.0,-49.82212611607141,-48.61886160714283,7.7132965977917065,,423054,-14.221191406249993,14.875139508928557,423263,12.233189174107137,-5.485690369897947,8435.0,843.5,1.1855364552459988,8667.0,866.7,157.7,"[{'halfHeight': 10, 'risingPnt': np.int64(423054), 'fallingPnt': np.int64(423861), 'widthPnts': np.int64(807), 'widthMs': np.float64(80.7)}, {'halfHeight': 20, 'risingPnt': np.int64(423057), 'fallingPnt': np.int64(423800), 'widthPnts': np.int64(743), 'widthMs': np.float64(74.3)}, {'halfHeight': 50, 'risingPnt': np.int64(423068), 'fallingPnt': np.int64(423607), 'widthPnts': np.int64(539), 'widthMs': np.float64(53.9)}, {'halfHeight': 80, 'risingPnt': np.int64(423084), 'fallingPnt': np.int64(423263), 'widthPnts': np.int64(179), 'widthMs': np.float64(17.9)}, {'halfHeight': 90, 'risingPnt': np.int64(423093), 'fallingPnt': np.int64(423157), 'widthPnts': np.int64(64), 'widthMs': np.float64(6.4)}]",80.7,74.3,53.9,17.9,6.4,6.500000000002615,yes,2006-01-11,04:23:12,,,,,unknown,,,,
24,24,mv,0,1,0.0,24,0,[],20260908,16:37:51,,,20230324a,20230324a,20191009_0005.abf,,20.0,-20.0,0,"[10, 20, 50, 80, 90]",439547,43.954699999999995,-19.880022321428562,12.573242187499979,,439617,43.9617,22.27783203124999,42.157854352678555,7.000000000005002,439683,43.968300000000006,15.433175223214278,437660,-52.40844726562497,437849,438604,75.5,-50.03138950892855,-48.49679129464283,30.05899890849035,,439552,-14.177594866071422,15.116788903061211,439653,18.38902064732142,-5.221619897959176,16497.0,1649.7,0.6061708189367764,16187.0,1618.7,188.7,"[{'halfHeight': 10, 'risingPnt': np.int64(439551), 'fallingPnt': np.int64(440362), 'widthPnts': np.int64(811), 'widthMs': np.float64(81.1)}, {'halfHeight': 20, 'risingPnt': np.int64(439554), 'fallingPnt': np.int64(440297), 'widthPnts': np.int64(743), 'widthMs': np.float64(74.3)}, {'halfHeight': 50, 'risingPnt': np.int64(439566), 'fallingPnt': np.int64(440102), 'widthPnts': np.int64(536), 'widthMs': np.float64(53.6)}, {'halfHeight': 80, 'risingPnt': np.int64(439582), 'fallingPnt': np.int64(439739), 'widthPnts': np.int64(157), 'widthMs': np.float64(15.7)}, {'halfHeight': 90, 'risingPnt': np.int64(439591), 'fallingPnt': np.int64(439654), 'widthPnts': np.int64(63), 'widthMs': np.float64(6.3)}]",81.1,74.3,53.6,15.7,6.3,7.000000000005002,yes,2006-01-11,04:23:12,,,,,unknown,,,,
25,25,mv,0,1,0.0,25,0,"[{'Spike': 25, 'Seconds': np.float64(44.6679), 'Sweep': 0, 'Epoch': 1, 'Type': 'Fast AHP was detected at end of fast AHP window', 'Details': 'Consider increasing the fast AHP window with fastAhpWindow_ms'}]",20260908,16:37:51,,,20230324a,20230324a,20191009_0005.abf,,20.0,-20.0,0,"[10, 20, 50, 80, 90]",446679,44.6679,-19.444056919642847,8.141342474489786,,446755,44.6755,18.824986049107135,38.269042968749986,7.5999999999964984,446834,44.6834,13.54108537946428,444818,-52.24452427455355,445004,445748,74.4,-51.45263671874998,-48.52294921874998,32.63413844394869,,446682,-16.540527343749993,13.437699298469372,446796,15.302385602678564,-5.734813456632649,7132.0,713.2,1.4021312394840155,7158.0,715.8,186.1,"[{'halfHeight': 10, 'risingPnt': np.int64(446683), 'fallingPnt': np.int64(447550), 'widthPnts': np.int64(867), 'widthMs': np.float64(86.7)}, {'halfHeight': 20, 'risingPnt': np.int64(446687), 'fallingPnt': np.int64(447489), 'widthPnts': np.int64(802), 'widthMs': np.float64(80.2)}, {'halfHeight': 50, 'risingPnt': np.int64(446698), 'fallingPnt': np.int64(447288), 'widthPnts': np.int64(590), 'widthMs': np.float64(59.0)}, {'halfHeight': 80, 'risingPnt': np.int64(446714), 'fallingPnt': np.int64(446952), 'widthPnts': np.int64(238), 'widthMs': np.float64(23.8)}, {'halfHeight': 90, 'risingPnt': np.int64(446725), 'fallingPnt': np.int64(446797), 'widthPnts': np.int64(72), 'widthMs': np.float64(7.2)}]",86.7,80.2,59.0,23.8,7.2,7.5999999999964984,yes,2006-01-11,04:23:12,,,,,unknown,,,,
26,26,mv,0,1,0.0,26,0,[],20260908,16:37:51,,,20230324a,20230324a,20191009_0005.abf,,20.0,-20.0,0,"[10, 20, 50, 80, 90]",460221,46.0221,-19.156319754464278,10.410853794642858,,460286,46.0286,17.264229910714278,36.420549665178555,6.499999999995509,460363,46.036300000000004,12.590680803571423,459010,-51.502685546874964,459131,459616,48.5,-50.92947823660712,-49.85700334821426,32.80788719543337,,460231,-7.611955915178568,15.052016900510193,460390,11.95417131696428,-5.408462213010199,13542.0,1354.2,0.738443361394181,14192.0,1419.2,121.1,"[{'halfHeight': 10, 'risingPnt': np.int64(460225), 'fallingPnt': np.int64(461018), 'widthPnts': np.int64(793), 'widthMs': np.float64(79.3)}, {'halfHeight': 20, 'risingPnt': np.int64(460228), 'fallingPnt': np.int64(460960), 'widthPnts': np.int64(732), 'widthMs': np.float64(73.2)}, {'halfHeight': 50, 'risingPnt': np.int64(460239), 'fallingPnt': np.int64(460778), 'widthPnts': np.int64(539), 'widthMs': np.float64(53.9)}, {'halfHeight': 80, 'risingPnt': np.int64(460255), 'fallingPnt': np.int64(460509), 'widthPnts': np.int64(254), 'widthMs': np.float64(25.4)}, {'halfHeight': 90, 'risingPnt': np.int64(460266), 'fallingPnt': np.int64(460339), 'widthPnts': np.int64(73), 'widthMs': np.float64(7.3)}]",79.3,73.2,53.9,25.4,7.3,6.499999999995509,yes,2006-01-11,04:23:12,,,,,unknown,,,,
27,27,mv,0,1,0.0,27,0,[],20260908,16:37:51,,,20230324a,20230324a,20191009_0005.abf,,20.0,-20.0,0,"[10, 20, 50, 80, 90]",470710,47.071,-18.790108816964278,13.686822385204067,,470773,47.0773,20.34214564732142,39.132254464285694,6.300000000003081,470848,47.0848,14.413016183035708,468638,-51.32393973214283,468845,469674,82.9,-50.606863839285694,-48.043387276785694,31.942401391553776,,470717,-9.89641462053571,14.999701052295901,470792,18.493652343749993,-5.787129304846924,10489.0,1048.9,0.9533797311469157,9628.0,962.8,207.2,"[{'halfHeight': 10, 'risingPnt': np.int64(470714), 'fallingPnt': np.int64(471547), 'widthPnts': np.int64(833), 'widthMs': np.float64(83.3)}, {'halfHeight': 20, 'risingPnt': np.int64(470717), 'fallingPnt': np.int64(471477), 'widthPnts': np.int64(760), 'widthMs': np.float64(76.0)}, {'halfHeight': 50, 'risingPnt': np.int64(470727), 'fallingPnt': np.int64(471284), 'widthPnts': np.int64(557), 'widthMs': np.float64(55.7)}, {'halfHeight': 80, 'risingPnt': np.int64(470742), 'fallingPnt': np.int64(470940), 'widthPnts': np.int64(198), 'widthMs': np.float64(19.8)}, {'halfHeight': 90, 'risingPnt': np.int64(470750), 'fallingPnt': np.int64(470822), 'widthPnts': np.int64(72), 'widthMs': np.float64(7.2)}]",83.3,76.0,55.7,19.8,7.2,6.300000000003081,yes,2006-01-11,04:23:12,,,,,unknown,,,,
28,28,mv,0,1,0.0,28,0,[],20260908,16:37:51,,,20230324a,20230324a,20191009_0005.abf,,20.0,-20.0,0,"[10, 20, 50, 80, 90]",487524,48.7524,-19.80154854910713,11.962890624999996,,487582,48.758199999999995,21.36230468749999,41.163853236607125,5.799999999993588,487657,48.765699999999995,14.50020926339285,485847,-52.742047991071416,486015,486685,67.0,-52.18505859374997,-49.29896763392855,42.499979724515214,,487531,-9.974888392857139,17.483458227040806,487693,13.017926897321423,-5.039760044642849,16814.0,1681.4,0.5947424765076722,17209.0,1720.9,167.7,"[{'halfHeight': 10, 'risingPnt': np.int64(487527), 'fallingPnt': np.int64(488337), 'widthPnts': np.int64(810), 'widthMs': np.float64(81.0)}, {'halfHeight': 20, 'risingPnt': np.int64(487531), 'fallingPnt': np.int64(488271), 'widthPnts': np.int64(740), 'widthMs': np.float64(74.0)}, {'halfHeight': 50, 'risingPnt': np.int64(487540), 'fallingPnt': np.int64(488079), 'widthPnts': np.int64(539), 'widthMs': np.float64(53.9)}, {'halfHeight': 80, 'risingPnt': np.int64(487556), 'fallingPnt': np.int64(487693), 'widthPnts': np.int64(137), 'widthMs': np.float64(13.7)}, {'halfHeight': 90, 'risingPnt': np.int64(487564), 'fallingPnt': np.int64(487628), 'widthPnts': np.int64(64), 'widthMs': np.float64(6.4)}]",81.0,74.0,53.9,13.7,6.4,5.799999999993588,yes,2006-01-11,04:23:12,,,,,unknown,,,,
29,29,mv,0,1,0.0,29,0,"[{'Spike': 29, 'Seconds': np.float64(50.7776), 'Sweep': 0, 'Epoch': 1, 'Type': 'Fast AHP was detected at end of fast AHP window', 'Details': 'Consider increasing the fast AHP window with fastAhpWindow_ms'}]",20260908,16:37:51,,,20230324a,20230324a,20191009_0005.abf,,20.0,-20.0,0,"[10, 20, 50, 80, 90]",507776,50.7776,-19.513811383928562,13.813875159438759,,507840,50.784,21.004813058035705,40.51862444196426,6.399999999999295,507919,50.7919,14.325823102678564,506330,-53.08122907366069,506475,507053,57.8,-52.15890066964283,-49.09842354910712,35.41125592101894,,507783,-10.26262555803571,16.733597735969376,507894,15.956333705357135,-5.08709343112245,20252.0,2025.2,0.4937783922575548,20483.0,2048.3,144.6,"[{'halfHeight': 10, 'risingPnt': np.int64(507780), 'fallingPnt': np.int64(508565), 'widthPnts': np.int64(785), 'widthMs': np.float64(78.5)}, {'halfHeight': 20, 'risingPnt': np.int64(507783), 'fallingPnt': np.int64(508499), 'widthPnts': np.int64(716), 'widthMs': np.float64(71.6)}, {'halfHeight': 50, 'risingPnt': np.int64(507793), 'fallingPnt': np.int64(508280), 'widthPnts': np.int64(487), 'widthMs': np.float64(48.7)}, {'halfHeight': 80, 'risingPnt': np.int64(507808), 'fallingPnt': np.int64(507944), 'widthPnts': np.int64(136), 'widthMs': np.float64(13.6)}, {'halfHeight': 90, 'risingPnt': np.int64(507817), 'fallingPnt': np.int64(507887), 'widthPnts': np.int64(70), 'widthMs': np.float64(7.0)}]",78.5,71.6,48.7,13.6,7.0,6.399999999999295,yes,2006-01-11,04:23:12,,,,,unknown,,,,
30,30,mv,0,1,0.0,30,0,[],20260908,16:37:51,,,20230324a,20230324a,20191009_0005.abf,,20.0,-20.0,0,"[10, 20, 50, 80, 90]",551988,55.198800000000006,-18.964494977678562,11.71874999999999,,552048,55.204800000000006,19.679478236607135,38.643973214285694,6.000000000000227,552124,55.2124,14.25606863839285,549974,-51.09566824776783,550175,550981,80.6,-49.84828404017855,-48.61014229910712,26.814449243820178,,551996,-9.28606305803571,13.554787149234679,552081,17.159598214285705,-4.867865114795903,44212.0,4421.2,0.22618293675925089,43644.0,4364.4,201.4,"[{'halfHeight': 10, 'risingPnt': np.int64(551992), 'fallingPnt': np.int64(552825), 'widthPnts': np.int64(833), 'widthMs': np.float64(83.3)}, {'halfHeight': 20, 'risingPnt': np.int64(551995), 'fallingPnt': np.int64(552770), 'widthPnts': np.int64(775), 'widthMs': np.float64(77.5)}, {'halfHeight': 50, 'risingPnt': np.int64(552006), 'fallingPnt': np.int64(552577), 'widthPnts': np.int64(571), 'widthMs': np.float64(57.1)}, {'halfHeight': 80, 'risingPnt': np.int64(552022), 'fallingPnt': np.int64(552266), 'widthPnts': np.int64(244), 'widthMs': np.float64(24.4)}, {'halfHeight': 90, 'risingPnt': np.int64(552030), 'fallingPnt': np.int64(552098), 'widthPnts': np.int64(68), 'widthMs': np.float64(6.8)}]",83.3,77.5,57.1,24.4,6.8,6.000000000000227,yes,2006-01-11,04:23:12,,,,,unknown,,,,
31,31,mv,0,1,0.0,31,0,[],20260908,16:37:51,,,20230324a,20230324a,20191009_0005.abf,,20.0,-20.0,0,"[10, 20, 50, 80, 90]",565761,56.5761,-19.069126674107135,13.559769610969365,,565823,56.582300000000004,19.208635602678562,38.277762276785694,6.200000000006867,565901,56.5901,12.878417968749993,564513,-52.365548270089256,564638,565137,49.9,-51.67061941964283,-49.95291573660712,42.53488016264532,,565765,-14.325823102678564,14.023138552295913,565891,13.227190290178566,-4.997409119897948,13773.0,1377.3,0.7260582298700355,14539.0,1453.9,124.8,"[{'halfHeight': 10, 'risingPnt': np.int64(565765), 'fallingPnt': np.int64(566539), 'widthPnts': np.int64(774), 'widthMs': np.float64(77.4)}, {'halfHeight': 20, 'risingPnt': np.int64(565768), 'fallingPnt': np.int64(566469), 'widthPnts': np.int64(701), 'widthMs': np.float64(70.1)}, {'halfHeight': 50, 'risingPnt': np.int64(565778), 'fallingPnt': np.int64(566284), 'widthPnts': np.int64(506), 'widthMs': np.float64(50.6)}, {'halfHeight': 80, 'risingPnt': np.int64(565793), 'fallingPnt': np.int64(565927), 'widthPnts': np.int64(134), 'widthMs': np.float64(13.4)}, {'halfHeight': 90, 'risingPnt': np.int64(565801), 'fallingPnt': np.int64(565872), 'widthPnts': np.int64(71), 'widthMs': np.float64(7.1)}]",77.4,70.1,50.6,13.4,7.1,6.200000000006867,yes,2006-01-11,04:23:12,,,,,unknown,,,,
32,32,mv,0,1,0.0,32,0,[],20260908,16:37:51,,,20230324a,20230324a,20191009_0005.abf,,20.0,-20.0,0,"[10, 20, 50, 80, 90]",657037,65.7037,-18.702915736607135,15.423210299744865,,657101,65.71010000000001,22.617885044642847,41.320800781249986,6.400000000013506,657179,65.7179,13.985770089285708,655298,-51.938650948660694,655472,656168,69.6,-51.19105747767855,-50.51967075892855,11.391943390550823,,657043,-10.236467633928568,16.83573820153059,657247,12.207031249999995,-4.384566326530606,91276.0,9127.6,0.10955782461983433,90785.0,9078.5,173.9,"[{'halfHeight': 10, 'risingPnt': np.int64(657041), 'fallingPnt': np.int64(657842), 'widthPnts': np.int64(801), 'widthMs': np.float64(80.1)}, {'halfHeight': 20, 'risingPnt': np.int64(657043), 'fallingPnt': np.int64(657774), 'widthPnts': np.int64(731), 'widthMs': np.float64(73.1)}, {'halfHeight': 50, 'risingPnt': np.int64(657053), 'fallingPnt': np.int64(657580), 'widthPnts': np.int64(527), 'widthMs': np.float64(52.7)}, {'halfHeight': 80, 'risingPnt': np.int64(657068), 'fallingPnt': np.int64(657171), 'widthPnts': np.int64(103), 'widthMs': np.float64(10.3)}, {'halfHeight': 90, 'risingPnt': np.int64(657076), 'fallingPnt': np.int64(657129), 'widthPnts': np.int64(53), 'widthMs': np.float64(5.3)}]",80.1,73.1,52.7,10.3,5.3,6.400000000013506,yes,2006-01-11,04:23:12,,,,,unknown,,,,
33,33,mv,0,1,0.0,33,0,[],20260908,16:37:51,,,20230324a,20230324a,20191009_0005.abf,,20.0,-20.0,0,"[10, 20, 50, 80, 90]",663445,66.3445,-18.868582589285705,12.827347735969388,,663509,66.3509,21.336146763392847,40.204729352678555,6.399999999999295,663587,66.3587,14.630998883928564,661583,-53.413783482142826,661769,662514,74.5,-52.71693638392855,-49.60414341517855,27.798002948520512,,663458,-2.2495814732142847,14.62103396045917,663614,13.244628906249995,-4.955058195153055,6408.0,640.8,1.5605493133583024,6285.0,628.5,186.2,"[{'halfHeight': 10, 'risingPnt': np.int64(663449), 'fallingPnt': np.int64(664263), 'widthPnts': np.int64(814), 'widthMs': np.float64(81.4)}, {'halfHeight': 20, 'risingPnt': np.int64(663452), 'fallingPnt': np.int64(664206), 'widthPnts': np.int64(754), 'widthMs': np.float64(75.4)}, {'halfHeight': 50, 'risingPnt': np.int64(663462), 'fallingPnt': np.int64(664002), 'widthPnts': np.int64(540), 'widthMs': np.float64(54.0)}, {'halfHeight': 80, 'risingPnt': np.int64(663477), 'fallingPnt': np.int64(663614), 'widthPnts': np.int64(137), 'widthMs': np.float64(13.7)}, {'halfHeight': 90, 'risingPnt': np.int64(663485), 'fallingPnt': np.int64(663549), 'widthPnts': np.int64(64), 'widthMs': np.float64(6.4)}]",81.4,75.4,54.0,13.7,6.4,6.399999999999295,yes,2006-01-11,04:23:12,,,,,unknown,,,,
34,34,mv,0,1,0.0,34,0,[],20260908,16:37:51,,,20230324a,20230324a,20191009_0005.abf,,20.0,-20.0,0,"[10, 20, 50, 80, 90]",702949,70.2949,-18.807547433035708,14.175103635204065,,703010,70.301,26.10560825892856,44.91315569196426,6.100000000003547,703087,70.3087,15.694754464285706,701469,-52.70629882812497,701617,702209,59.2,-52.28097098214283,-49.08098493303569,40.81922033509759,,702953,-12.895856584821423,17.241808832908156,703071,17.072405133928566,-4.89028619260202,39504.0,3950.4,0.2531389226407452,39886.0,3988.6,148.0,"[{'halfHeight': 10, 'risingPnt': np.int64(702953), 'fallingPnt': np.int64(703683), 'widthPnts': np.int64(730), 'widthMs': np.float64(73.0)}, {'halfHeight': 20, 'risingPnt': np.int64(702955), 'fallingPnt': np.int64(703624), 'widthPnts': np.int64(669), 'widthMs': np.float64(66.9)}, {'halfHeight': 50, 'risingPnt': np.int64(702966), 'fallingPnt': np.int64(703415), 'widthPnts': np.int64(449), 'widthMs': np.float64(44.9)}, {'halfHeight': 80, 'risingPnt': np.int64(702980), 'fallingPnt': np.int64(703071), 'widthPnts': np.int64(91), 'widthMs': np.float64(9.1)}, {'halfHeight': 90, 'risingPnt': np.int64(702987), 'fallingPnt': np.int64(703043), 'widthPnts': np.int64(56), 'widthMs': np.float64(5.6)}]",73.0,66.9,44.9,9.1,5.6,6.100000000003547,yes,2006-01-11,04:23:12,,,,,unknown,,,,
35,35,mv,0,1,0.0,35,0,[],20260908,16:37:51,,,20230324a,20230324a,20191009_0005.abf,,20.0,-20.0,0,"[10, 20, 50, 80, 90]",713131,71.3131,-18.73779296874999,12.45864556760203,,713193,71.3193,25.7655552455357,44.503348214285694,6.199999999992656,713269,71.3269,15.337262834821422,711142,-52.751639229910694,711341,712136,79.5,-51.85372488839283,-49.12458147321426,35.61409501949415,,713137,-9.922572544642852,18.44009088010202,713228,20.560128348214278,-4.710917570153058,10182.0,1018.2,0.9821253191907288,9673.0,967.3,198.9,"[{'halfHeight': 10, 'risingPnt': np.int64(713135), 'fallingPnt': np.int64(713905), 'widthPnts': np.int64(770), 'widthMs': np.float64(77.0)}, {'halfHeight': 20, 'risingPnt': np.int64(713137), 'fallingPnt': np.int64(713826), 'widthPnts': np.int64(689), 'widthMs': np.float64(68.9)}, {'halfHeight': 50, 'risingPnt': np.int64(713148), 'fallingPnt': np.int64(713606), 'widthPnts': np.int64(458), 'widthMs': np.float64(45.8)}, {'halfHeight': 80, 'risingPnt': np.int64(713162), 'fallingPnt': np.int64(713257), 'widthPnts': np.int64(95), 'widthMs': np.float64(9.5)}, {'halfHeight': 90, 'risingPnt': np.int64(713169), 'fallingPnt': np.int64(713227), 'widthPnts': np.int64(58), 'widthMs': np.float64(5.8)}]",77.0,68.9,45.8,9.5,5.8,6.199999999992656,yes,2006-01-11,04:23:12,,,,,unknown,,,,
36,36,mv,0,1,0.0,36,0,[],20260908,16:37:51,,,20230324a,20230324a,20191009_0005.abf,,20.0,-20.0,0,"[10, 20, 50, 80, 90]",719085,71.9085,-19.051688058035705,15.814333545918354,,719153,71.9153,26.602608816964274,45.65429687499998,6.799999999998363,719229,71.9229,16.156877790178566,716675,-52.94485909598212,716916,717880,96.4,-51.78397042410712,-49.36000279017855,22.999334503522636,,719089,-13.227190290178566,16.60903619260202,719173,22.91434151785713,-4.967514349489793,5954.0,595.4,1.6795431642593217,5533.0,553.3,241.0,"[{'halfHeight': 10, 'risingPnt': np.int64(719089), 'fallingPnt': np.int64(719910), 'widthPnts': np.int64(821), 'widthMs': np.float64(82.1)}, {'halfHeight': 20, 'risingPnt': np.int64(719092), 'fallingPnt': np.int64(719839), 'widthPnts': np.int64(747), 'widthMs': np.float64(74.7)}, {'halfHeight': 50, 'risingPnt': np.int64(719102), 'fallingPnt': np.int64(719608), 'widthPnts': np.int64(506), 'widthMs': np.float64(50.6)}, {'halfHeight': 80, 'risingPnt': np.int64(719117), 'fallingPnt': np.int64(719213), 'widthPnts': np.int64(96), 'widthMs': np.float64(9.6)}, {'halfHeight': 90, 'risingPnt': np.int64(719125), 'fallingPnt': np.int64(719180), 'widthPnts': np.int64(55), 'widthMs': np.float64(5.5)}]",82.1,74.7,50.6,9.6,5.5,6.799999999998363,yes,2006-01-11,04:23:12,,,,,unknown,,,,
37,37,mv,0,1,0.0,37,0,"[{'Spike': 37, 'Seconds': np.float64(72.9225), 'Sweep': 0, 'Epoch': 1, 'Type': 'Fast AHP was detected at end of fast AHP window', 'Details': 'Consider increasing the fast AHP window with fastAhpWindow_ms'}]",20260908,16:37:51,,,20230324a,20230324a,20191009_0005.abf,,20.0,-20.0,0,"[10, 20, 50, 80, 90]",729225,72.9225,-19.391741071428562,15.203981983418364,,729281,72.9281,28.18080357142856,47.572544642857125,5.60000000000116,729360,72.936,16.14815848214285,727157,-51.40764508928569,727364,728191,82.7,-50.10986328124998,-49.53438895089283,8.031777813630748,,729226,-17.691476004464278,18.198441485969376,729359,16.488211495535708,-5.7198660714285685,10140.0,1014.0,0.9861932938856016,10482.0,1048.2,206.8,"[{'halfHeight': 10, 'risingPnt': np.int64(729229), 'fallingPnt': np.int64(729947), 'widthPnts': np.int64(718), 'widthMs': np.float64(71.8)}, {'halfHeight': 20, 'risingPnt': np.int64(729232), 'fallingPnt': np.int64(729898), 'widthPnts': np.int64(666), 'widthMs': np.float64(66.6)}, {'halfHeight': 50, 'risingPnt': np.int64(729241), 'fallingPnt': np.int64(729656), 'widthPnts': np.int64(415), 'widthMs': np.float64(41.5)}, {'halfHeight': 80, 'risingPnt': np.int64(729255), 'fallingPnt': np.int64(729342), 'widthPnts': np.int64(87), 'widthMs': np.float64(8.7)}, {'halfHeight': 90, 'risingPnt': np.int64(729262), 'fallingPnt': np.int64(729314), 'widthPnts': np.int64(52), 'widthMs': np.float64(5.2)}]",71.8,66.6,41.5,8.7,5.2,5.60000000000116,yes,2006-01-11,04:23:12,,,,,unknown,,,,
38,38,mv,0,1,0.0,38,0,"[{'Spike': 38, 'Seconds': np.float64(73.687), 'Sweep': 0, 'Epoch': 1, 'Type': 'Fast AHP was detected at end of fast AHP window', 'Details': 'Consider increasing the fast AHP window with fastAhpWindow_ms'}]",20260908,16:37:51,,,20230324a,20230324a,20191009_0005.abf,,20.0,-20.0,0,"[10, 20, 50, 80, 90]",736870,73.687,-18.790108816964278,14.650928730867331,,736922,73.6922,27.491978236607128,46.2820870535714,5.200000000002092,737001,73.7001,16.531808035714278,735943,-52.342878069196416,736036,736407,37.1,-51.21721540178569,-47.95619419642855,90.59815048894632,,736872,-15.154157366071422,18.086336096938766,736965,21.336146763392847,-5.680006377551013,7645.0,764.5,1.3080444735120995,8786.0,878.6,92.7,"[{'halfHeight': 10, 'risingPnt': np.int64(736873), 'fallingPnt': np.int64(737624), 'widthPnts': np.int64(751), 'widthMs': np.float64(75.1)}, {'halfHeight': 20, 'risingPnt': np.int64(736876), 'fallingPnt': np.int64(737567), 'widthPnts': np.int64(691), 'widthMs': np.float64(69.1)}, {'halfHeight': 50, 'risingPnt': np.int64(736886), 'fallingPnt': np.int64(737343), 'widthPnts': np.int64(457), 'widthMs': np.float64(45.7)}, {'halfHeight': 80, 'risingPnt': np.int64(736899), 'fallingPnt': np.int64(736987), 'widthPnts': np.int64(88), 'widthMs': np.float64(8.8)}, {'halfHeight': 90, 'risingPnt': np.int64(736907), 'fallingPnt': np.int64(736956), 'widthPnts': np.int64(49), 'widthMs': np.float64(4.9)}]",75.1,69.1,45.7,8.8,4.9,5.200000000002092,yes,2006-01-11,04:23:12,,,,,unknown,,,,
39,39,mv,0,1,0.0,39,0,[],20260908,16:37:51,,,20230324a,20230324a,20191009_0005.abf,,20.0,-20.0,0,"[10, 20, 50, 80, 90]",770653,77.06530000000001,-19.810267857142847,13.480050223214278,,770712,77.07119999999999,24.3617466517857,44.17201450892855,5.899999999982697,770790,77.079,14.80538504464285,769333,-52.604108537946395,769465,769993,52.8,-52.48151506696426,-49.82212611607141,35.11720117696537,,770660,-9.251185825892852,17.38380899234693,770754,18.964494977678562,-4.910216039540797,33783.0,3378.3,0.2960068673593227,33390.0,3339.0,132.0,"[{'halfHeight': 10, 'risingPnt': np.int64(770656), 'fallingPnt': np.int64(771426), 'widthPnts': np.int64(770), 'widthMs': np.float64(77.0)}, {'halfHeight': 20, 'risingPnt': np.int64(770659), 'fallingPnt': np.int64(771350), 'widthPnts': np.int64(691), 'widthMs': np.float64(69.1)}, {'halfHeight': 50, 'risingPnt': np.int64(770669), 'fallingPnt': np.int64(771134), 'widthPnts': np.int64(465), 'widthMs': np.float64(46.5)}, {'halfHeight': 80, 'risingPnt': np.int64(770683), 'fallingPnt': np.int64(770789), 'widthPnts': np.int64(106), 'widthMs': np.float64(10.6)}, {'halfHeight': 90, 'risingPnt': np.int64(770691), 'fallingPnt': np.int64(770750), 'widthPnts': np.int64(59), 'widthMs': np.float64(5.9)}]",77.0,69.1,46.5,10.6,5.9,5.899999999982697,yes,2006-01-11,04:23:12,,,,,unknown,,,,
40,40,mv,0,1,0.0,40,0,[],20260908,16:37:51,,,20230324a,20230324a,20191009_0005.abf,,20.0,-20.0,0,"[10, 20, 50, 80, 90]",784414,78.44139999999999,-19.505092075892847,12.408820950255087,,784487,78.4487,14.657156808035706,34.162248883928555,7.300000000014961,784561,78.4561,11.727469308035708,782342,-53.581368582589256,782549,783378,82.9,-52.01067243303569,-51.20849609374998,11.796391638044351,,784418,-14.613560267857137,13.238400829081623,784569,12.01520647321428,-5.4059709821428505,13761.0,1376.1,0.7266913741733886,13009.0,1300.9,207.2,"[{'halfHeight': 10, 'risingPnt': np.int64(784417), 'fallingPnt': np.int64(785207), 'widthPnts': np.int64(790), 'widthMs': np.float64(79.0)}, {'halfHeight': 20, 'risingPnt': np.int64(784420), 'fallingPnt': np.int64(785145), 'widthPnts': np.int64(725), 'widthMs': np.float64(72.5)}, {'halfHeight': 50, 'risingPnt': np.int64(784430), 'fallingPnt': np.int64(784960), 'widthPnts': np.int64(530), 'widthMs': np.float64(53.0)}, {'halfHeight': 80, 'risingPnt': np.int64(784448), 'fallingPnt': np.int64(784755), 'widthPnts': np.int64(307), 'widthMs': np.float64(30.7)}, {'halfHeight': 90, 'risingPnt': np.int64(784456), 'fallingPnt': np.int64(784586), 'widthPnts': np.int64(130), 'widthMs': np.float64(13.0)}]",79.0,72.5,53.0,30.7,13.0,7.300000000014961,yes,2006-01-11,04:23:12,,,,,unknown,,,,
41,41,mv,0,1,0.0,41,0,[],20260908,16:37:51,,,20230324a,20230324a,20191009_0005.abf,,20.0,-20.0,0,"[10, 20, 50, 80, 90]",806855,80.6855,-19.941057477678562,14.110331632653043,,806963,80.69630000000001,12.547084263392852,32.488141741071416,10.800000000003251,807026,80.7026,11.369977678571423,804692,-52.66165597098212,804908,805774,86.6,-51.36544363839283,-48.93275669642855,26.36813970395799,,806856,-18.362862723214278,14.690788424744884,807085,10.81194196428571,-4.974988042091831,22441.0,2244.1,0.445612940599795,22350.0,2235.0,216.3,"[{'halfHeight': 10, 'risingPnt': np.int64(806858), 'fallingPnt': np.int64(807657), 'widthPnts': np.int64(799), 'widthMs': np.float64(79.9)}, {'halfHeight': 20, 'risingPnt': np.int64(806861), 'fallingPnt': np.int64(807609), 'widthPnts': np.int64(748), 'widthMs': np.float64(74.8)}, {'halfHeight': 50, 'risingPnt': np.int64(806873), 'fallingPnt': np.int64(807455), 'widthPnts': np.int64(582), 'widthMs': np.float64(58.2)}, {'halfHeight': 80, 'risingPnt': np.int64(806891), 'fallingPnt': np.int64(807279), 'widthPnts': np.int64(388), 'widthMs': np.float64(38.8)}, {'halfHeight': 90, 'risingPnt': np.int64(806905), 'fallingPnt': np.int64(807162), 'widthPnts': np.int64(257), 'widthMs': np.float64(25.7)}]",79.9,74.8,58.2,38.8,25.7,10.800000000003251,yes,2006-01-11,04:23:12,,,,,unknown,,,,
42,42,mv,0,1,0.0,42,0,[],20260908,16:37:51,,,20230324a,20230324a,20191009_0005.abf,,20.0,-20.0,0,"[10, 20, 50, 80, 90]",814381,81.4381,-18.981933593749993,12.219487404336727,,814542,81.4542,13.837541852678564,32.819475446428555,16.099999999994452,814608,81.4608,11.247907366071423,812624,-52.24487304687497,812800,813502,70.2,-51.98451450892855,-50.1273018973214,10.301306072310195,,814388,-12.154715401785708,12.289241868622439,814608,11.247907366071423,-5.268953284438763,7526.0,752.6,1.3287270794578794,7932.0,793.2,175.7,"[{'halfHeight': 10, 'risingPnt': np.int64(814385), 'fallingPnt': np.int64(815225), 'widthPnts': np.int64(840), 'widthMs': np.float64(84.0)}, {'halfHeight': 20, 'risingPnt': np.int64(814388), 'fallingPnt': np.int64(815175), 'widthPnts': np.int64(787), 'widthMs': np.float64(78.7)}, {'halfHeight': 50, 'risingPnt': np.int64(814399), 'fallingPnt': np.int64(815014), 'widthPnts': np.int64(615), 'widthMs': np.float64(61.5)}, {'halfHeight': 80, 'risingPnt': np.int64(814417), 'fallingPnt': np.int64(814809), 'widthPnts': np.int64(392), 'widthMs': np.float64(39.2)}, {'halfHeight': 90, 'risingPnt': np.int64(814428), 'fallingPnt': np.int64(814703), 'widthPnts': np.int64(275), 'widthMs': np.float64(27.5)}]",84.0,78.7,61.5,39.2,27.5,16.099999999994452,yes,2006-01-11,04:23:12,,,,,unknown,,,,
43,43,mv,0,1,0.0,43,0,"[{'Spike': 43, 'Seconds': np.float64(89.8026), 'Sweep': 0, 'Epoch': 1, 'Type': 'Fit EDD', 'Details': 'Early diastolic duration rate fit - Too low 2.676<=8'}]",20260908,16:37:51,,,20230324a,20230324a,20191009_0005.abf,,20.0,-20.0,0,"[10, 20, 50, 80, 90]",898026,89.80260000000001,-18.88602120535713,13.258330676020389,,898108,89.8108,13.933454241071422,32.819475446428555,8.199999999987995,898182,89.81819999999999,12.032645089285708,896319,-49.122663225446416,896490,897173,68.3,-47.89515904017855,-47.738211495535694,2.6762761210032258,,898026,-18.88602120535713,13.258330676020389,898305,9.504045758928568,-4.387057557397954,83645.0,8364.5,0.119552872257756,83695.0,8369.5,170.7,"[{'halfHeight': 10, 'risingPnt': np.int64(898030), 'fallingPnt': np.int64(898795), 'widthPnts': np.int64(765), 'widthMs': np.float64(76.5)}, {'halfHeight': 20, 'risingPnt': np.int64(898033), 'fallingPnt': np.int64(898750), 'widthPnts': np.int64(717), 'widthMs': np.float64(71.7)}, {'halfHeight': 50, 'risingPnt': np.int64(898043), 'fallingPnt': np.int64(898598), 'widthPnts': np.int64(555), 'widthMs': np.float64(55.5)}, {'halfHeight': 80, 'risingPnt': np.int64(898060), 'fallingPnt': np.int64(898386), 'widthPnts': np.int64(326), 'widthMs': np.float64(32.6)}, {'halfHeight': 90, 'risingPnt': np.int64(898068), 'fallingPnt': np.int64(898252), 'widthPnts': np.int64(184), 'widthMs': np.float64(18.4)}]",76.5,71.7,55.5,32.6,18.4,8.199999999987995,yes,2006-01-11,04:23:12,,,,,unknown,,,,
44,44,mv,0,1,0.0,44,0,[],20260908,16:37:51,,,20230324a,20230324a,20191009_0005.abf,,20.0,-20.0,0,"[10, 20, 50, 80, 90]",914681,91.4681,-19.705636160714278,8.808992346938766,,914777,91.4777,13.096400669642852,32.80203683035713,9.599999999991837,914847,91.4847,11.544363839285708,913234,-49.99145507812497,913379,913958,57.9,-48.70605468749998,-48.01722935267855,21.909872259947036,,914689,-11.38741629464285,13.858717315051008,914959,9.922572544642852,-6.255480707908154,16655.0,1665.5,0.6004202942059441,16915.0,1691.5,144.7,"[{'halfHeight': 10, 'risingPnt': np.int64(914685), 'fallingPnt': np.int64(915456), 'widthPnts': np.int64(771), 'widthMs': np.float64(77.1)}, {'halfHeight': 20, 'risingPnt': np.int64(914688), 'fallingPnt': np.int64(915400), 'widthPnts': np.int64(712), 'widthMs': np.float64(71.2)}, {'halfHeight': 50, 'risingPnt': np.int64(914699), 'fallingPnt': np.int64(915249), 'widthPnts': np.int64(550), 'widthMs': np.float64(55.0)}, {'halfHeight': 80, 'risingPnt': np.int64(914716), 'fallingPnt': np.int64(915064), 'widthPnts': np.int64(348), 'widthMs': np.float64(34.8)}, {'halfHeight': 90, 'risingPnt': np.int64(914726), 'fallingPnt': np.int64(914960), 'widthPnts': np.int64(234), 'widthMs': np.float64(23.4)}]",77.1,71.2,55.0,34.8,23.4,9.599999999991837,yes,2006-01-11,04:23:12,,,,,unknown,,,,
45,45,mv,0,1,0.0,45,0,[],20260908,16:37:51,,,20230324a,20230324a,20191009_0005.abf,,20.0,-20.0,0,"[10, 20, 50, 80, 90]",923930,92.393,-19.28710937499999,11.307696906887738,,924019,92.4019,14.657156808035706,33.944266183035694,8.899999999997021,924095,92.4095,12.486049107142852,921511,-51.521693638392826,921753,922721,96.8,-50.45863560267855,-48.67989676339283,20.11496592268009,,923931,-17.743791852678562,12.608119419642838,924166,11.474609374999995,-5.418427136479588,9249.0,924.9,1.0811979673478214,8277.0,827.7,241.9,"[{'halfHeight': 10, 'risingPnt': np.int64(923933), 'fallingPnt': np.int64(924747), 'widthPnts': np.int64(814), 'widthMs': np.float64(81.4)}, {'halfHeight': 20, 'risingPnt': np.int64(923937), 'fallingPnt': np.int64(924692), 'widthPnts': np.int64(755), 'widthMs': np.float64(75.5)}, {'halfHeight': 50, 'risingPnt': np.int64(923948), 'fallingPnt': np.int64(924534), 'widthPnts': np.int64(586), 'widthMs': np.float64(58.6)}, {'halfHeight': 80, 'risingPnt': np.int64(923965), 'fallingPnt': np.int64(924304), 'widthPnts': np.int64(339), 'widthMs': np.float64(33.9)}, {'halfHeight': 90, 'risingPnt': np.int64(923976), 'fallingPnt': np.int64(924146), 'widthPnts': np.int64(170), 'widthMs': np.float64(17.0)}]",81.4,75.5,58.6,33.9,17.0,8.899999999997021,yes,2006-01-11,04:23:12,,,,,unknown,,,,
46,46,mv,0,1,0.0,46,0,[],20260908,16:37:51,,,20230324a,20230324a,20191009_0005.abf,,20.0,-20.0,0,"[10, 20, 50, 80, 90]",953711,95.37110000000001,-19.391741071428562,14.840262276785698,,953780,95.378,17.41245814732142,36.804199218749986,6.899999999987472,953858,95.3858,13.671874999999995,952509,-51.835763113839256,952629,953110,48.1,-51.20849609374997,-48.958914620535694,37.76481985918411,,953717,-11.42229352678571,15.059490593112228,953932,11.396135602678566,-4.302355707908158,29781.0,2978.1,0.33578456062590245,30998.0,3099.8,120.2,"[{'halfHeight': 10, 'risingPnt': np.int64(953714), 'fallingPnt': np.int64(954455), 'widthPnts': np.int64(741), 'widthMs': np.float64(74.1)}, {'halfHeight': 20, 'risingPnt': np.int64(953717), 'fallingPnt': np.int64(954401), 'widthPnts': np.int64(684), 'widthMs': np.float64(68.4)}, {'halfHeight': 50, 'risingPnt': np.int64(953727), 'fallingPnt': np.int64(954233), 'widthPnts': np.int64(506), 'widthMs': np.float64(50.6)}, {'halfHeight': 80, 'risingPnt': np.int64(953742), 'fallingPnt': np.int64(953984), 'widthPnts': np.int64(242), 'widthMs': np.float64(24.2)}, {'halfHeight': 90, 'risingPnt': np.int64(953751), 'fallingPnt': np.int64(953858), 'widthPnts': np.int64(107), 'widthMs': np.float64(10.7)}]",74.1,68.4,50.6,24.2,10.7,6.899999999987472,yes,2006-01-11,04:23:12,,,,,unknown,,,,
47,47,mv,0,1,0.0,47,0,[],20260908,16:37:51,,,20230324a,20230324a,20191009_0005.abf,,20.0,-20.0,0,"[10, 20, 50, 80, 90]",963453,96.34530000000001,-18.790108816964278,12.757593271683668,,963531,96.35310000000001,18.10128348214285,36.891392299107125,7.800000000003138,963609,96.3609,14.116559709821422,961705,-50.96749441964283,961880,962579,69.9,-49.15945870535712,-47.999790736607125,12.676559199541474,,963453,-18.790108816964278,12.757593271683668,963710,12.01520647321428,-5.854392538265295,9742.0,974.2,1.0264832683227263,9196.0,919.6,174.8,"[{'halfHeight': 10, 'risingPnt': np.int64(963457), 'fallingPnt': np.int64(964246), 'widthPnts': np.int64(789), 'widthMs': np.float64(78.9)}, {'halfHeight': 20, 'risingPnt': np.int64(963460), 'fallingPnt': np.int64(964187), 'widthPnts': np.int64(727), 'widthMs': np.float64(72.7)}, {'halfHeight': 50, 'risingPnt': np.int64(963470), 'fallingPnt': np.int64(964020), 'widthPnts': np.int64(550), 'widthMs': np.float64(55.0)}, {'halfHeight': 80, 'risingPnt': np.int64(963486), 'fallingPnt': np.int64(963768), 'widthPnts': np.int64(282), 'widthMs': np.float64(28.2)}, {'halfHeight': 90, 'risingPnt': np.int64(963495), 'fallingPnt': np.int64(963608), 'widthPnts': np.int64(113), 'widthMs': np.float64(11.3)}]",78.9,72.7,55.0,28.2,11.3,7.800000000003138,yes,2006-01-11,04:23:12,,,,,unknown,,,,
48,48,mv,0,1,0.0,48,0,[],20260908,16:37:51,,,20230324a,20230324a,20191009_0005.abf,,20.0,-20.0,0,"[10, 20, 50, 80, 90]",975009,97.50089999999999,-19.73179408482142,11.30271444515305,,975078,97.5078,16.052246093749993,35.784040178571416,6.900000000015893,975147,97.51469999999999,13.558523995535708,973665,-53.02943638392856,973799,974337,53.8,-51.8973214285714,-50.08370535714283,31.905322062329862,,975018,-8.937290736607139,14.703244579081613,975127,14.918736049107135,-4.960040656887752,11556.0,1155.6,0.8653513326410524,11960.0,1196.0,134.4,"[{'halfHeight': 10, 'risingPnt': np.int64(975012), 'fallingPnt': np.int64(975830), 'widthPnts': np.int64(818), 'widthMs': np.float64(81.8)}, {'halfHeight': 20, 'risingPnt': np.int64(975016), 'fallingPnt': np.int64(975782), 'widthPnts': np.int64(766), 'widthMs': np.float64(76.6)}, {'halfHeight': 50, 'risingPnt': np.int64(975026), 'fallingPnt': np.int64(975599), 'widthPnts': np.int64(573), 'widthMs': np.float64(57.3)}, {'halfHeight': 80, 'risingPnt': np.int64(975042), 'fallingPnt': np.int64(975362), 'widthPnts': np.int64(320), 'widthMs': np.float64(32.0)}, {'halfHeight': 90, 'risingPnt': np.int64(975052), 'fallingPnt': np.int64(975228), 'widthPnts': np.int64(176), 'widthMs': np.float64(17.6)}]",81.8,76.6,57.3,32.0,17.6,6.900000000015893,yes,2006-01-11,04:23:12,,,,,unknown,,,,
49,49,mv,0,1,0.0,49,0,[],20260908,16:37:51,,,20230324a,20230324a,20191009_0005.abf,,20.0,-20.0,0,"[10, 20, 50, 80, 90]",999520,99.952,-18.493652343749993,13.823840082908166,,999588,99.9588,18.676757812499993,37.170410156249986,6.799999999998363,999665,99.9665,14.003208705357135,997725,-53.2754952566964,997905,998623,71.8,-52.45535714285712,-50.74637276785712,20.930900904182547,,999523,-15.06696428571428,16.08089524872447,999774,10.99504743303571,-5.839445153061219,24511.0,2451.1,0.40798009057158013,24060.0,2406.0,179.5,"[{'halfHeight': 10, 'risingPnt': np.int64(999524), 'fallingPnt': np.int64(1000278), 'widthPnts': np.int64(754), 'widthMs': np.float64(75.4)}, {'halfHeight': 20, 'risingPnt': np.int64(999527), 'fallingPnt': np.int64(1000218), 'widthPnts': np.int64(691), 'widthMs': np.float64(69.1)}, {'halfHeight': 50, 'risingPnt': np.int64(999535), 'fallingPnt': np.int64(1000018), 'widthPnts': np.int64(483), 'widthMs': np.float64(48.3)}, {'halfHeight': 80, 'risingPnt': np.int64(999549), 'fallingPnt': np.int64(999760), 'widthPnts': np.int64(211), 'widthMs': np.float64(21.1)}, {'halfHeight': 90, 'risingPnt': np.int64(999559), 'fallingPnt': np.int64(999641), 'widthPnts': np.int64(82), 'widthMs': np.float64(8.2)}]",75.4,69.1,48.3,21.1,8.2,6.799999999998363,yes,2006-01-11,04:23:12,,,,,unknown,,,,
50,50,mv,0,1,0.0,50,0,[],20260908,16:37:51,,,20230324a,20230324a,20191009_0005.abf,,20.0,-20.0,0,"[10, 20, 50, 80, 90]",1008283,100.8283,-19.112723214285705,13.460120376275494,,1008356,100.8356,17.333984374999993,36.446707589285694,7.30000000000075,1008430,100.843,14.604840959821422,1006000,-51.66259765624997,1006228,1007142,91.4,-50.38016183035712,-49.37744140624998,10.159748684073431,,1008287,-14.27350725446428,14.860192123724474,1008416,15.49421037946428,-4.31979432397959,8763.0,876.3,1.1411617026132603,8275.0,827.5,228.3,"[{'halfHeight': 10, 'risingPnt': np.int64(1008287), 'fallingPnt': np.int64(1009119), 'widthPnts': np.int64(832), 'widthMs': np.float64(83.2)}, {'halfHeight': 20, 'risingPnt': np.int64(1008289), 'fallingPnt': np.int64(1009066), 'widthPnts': np.int64(777), 'widthMs': np.float64(77.7)}, {'halfHeight': 50, 'risingPnt': np.int64(1008299), 'fallingPnt': np.int64(1008892), 'widthPnts': np.int64(593), 'widthMs': np.float64(59.3)}, {'halfHeight': 80, 'risingPnt': np.int64(1008315), 'fallingPnt': np.int64(1008645), 'widthPnts': np.int64(330), 'widthMs': np.float64(33.0)}, {'halfHeight': 90, 'risingPnt': np.int64(1008323), 'fallingPnt': np.int64(1008466), 'widthPnts': np.int64(143), 'widthMs': np.float64(14.3)}]",83.2,77.7,59.3,33.0,14.3,7.30000000000075,yes,2006-01-11,04:23:12,,,,,unknown,,,,
51,51,mv,0,1,0.0,51,0,[],20260908,16:37:51,,,20230324a,20230324a,20191009_0005.abf,,20.0,-20.0,0,"[10, 20, 50, 80, 90]",1029881,102.9881,-19.601004464285705,14.723174426020398,,1029945,102.9945,18.301827566964278,37.902832031249986,6.399999999999295,1030019,103.00189999999999,14.971051897321422,1027539,-52.45919363839285,1027773,1028710,93.7,-50.95563616071426,-48.50551060267855,26.164593319458387,,1029889,-9.34709821428571,15.74956154336733,1030018,15.372140066964278,-5.630181760204069,21598.0,2159.8,0.46300583387350674,21539.0,2153.9,234.2,"[{'halfHeight': 10, 'risingPnt': np.int64(1029884), 'fallingPnt': np.int64(1030751), 'widthPnts': np.int64(867), 'widthMs': np.float64(86.7)}, {'halfHeight': 20, 'risingPnt': np.int64(1029888), 'fallingPnt': np.int64(1030665), 'widthPnts': np.int64(777), 'widthMs': np.float64(77.7)}, {'halfHeight': 50, 'risingPnt': np.int64(1029898), 'fallingPnt': np.int64(1030479), 'widthPnts': np.int64(581), 'widthMs': np.float64(58.1)}, {'halfHeight': 80, 'risingPnt': np.int64(1029912), 'fallingPnt': np.int64(1030210), 'widthPnts': np.int64(298), 'widthMs': np.float64(29.8)}, {'halfHeight': 90, 'risingPnt': np.int64(1029922), 'fallingPnt': np.int64(1030066), 'widthPnts': np.int64(144), 'widthMs': np.float64(14.4)}]",86.7,77.7,58.1,29.8,14.4,6.399999999999295,yes,2006-01-11,04:23:12,,,,,unknown,,,,
52,52,mv,0,1,0.0,52,0,[],20260908,16:37:51,,,20230324a,20230324a,20191009_0005.abf,,20.0,-20.0,0,"[10, 20, 50, 80, 90]",1059312,105.9312,-19.662039620535705,13.764050542091816,,1059382,105.9382,20.75195312499999,40.413992745535694,6.999999999990791,1059458,105.9458,15.546526227678564,1057345,-53.17487444196426,1057542,1058329,78.7,-51.80140904017855,-49.49079241071426,32.500589062196596,,1059314,-16.714913504464278,15.993702168367328,1059466,14.892578124999993,-4.673549107142858,29431.0,2943.1,0.33977778532839525,29806.0,2980.6,196.7,"[{'halfHeight': 10, 'risingPnt': np.int64(1059315), 'fallingPnt': np.int64(1060111), 'widthPnts': np.int64(796), 'widthMs': np.float64(79.6)}, {'halfHeight': 20, 'risingPnt': np.int64(1059318), 'fallingPnt': np.int64(1060050), 'widthPnts': np.int64(732), 'widthMs': np.float64(73.2)}, {'halfHeight': 50, 'risingPnt': np.int64(1059327), 'fallingPnt': np.int64(1059850), 'widthPnts': np.int64(523), 'widthMs': np.float64(52.3)}, {'halfHeight': 80, 'risingPnt': np.int64(1059341), 'fallingPnt': np.int64(1059522), 'widthPnts': np.int64(181), 'widthMs': np.float64(18.1)}, {'halfHeight': 90, 'risingPnt': np.int64(1059350), 'fallingPnt': np.int64(1059438), 'widthPnts': np.int64(88), 'widthMs': np.float64(8.8)}]",79.6,73.2,52.3,18.1,8.8,6.999999999990791,yes,2006-01-11,04:23:12,,,,,unknown,,,,
53,53,mv,0,1,0.0,53,0,[],20260908,16:37:51,,,20230324a,20230324a,20191009_0005.abf,,20.0,-20.0,0,"[10, 20, 50, 80, 90]",1079809,107.98089999999999,-18.67675781249999,12.07499601403059,,1079877,107.9877,21.231515066964278,39.90827287946426,6.800000000012574,1079952,107.9952,15.345982142857135,1078378,-52.457449776785694,1078521,1079094,57.3,-51.19977678571426,-49.56926618303569,31.384751970198,,1079810,-17.028808593749993,17.1969666772959,1079986,13.76778738839285,-5.092075892857134,20497.0,2049.7,0.4878762745767674,21033.0,2103.3,143.1,"[{'halfHeight': 10, 'risingPnt': np.int64(1079812), 'fallingPnt': np.int64(1080584), 'widthPnts': np.int64(772), 'widthMs': np.float64(77.2)}, {'halfHeight': 20, 'risingPnt': np.int64(1079815), 'fallingPnt': np.int64(1080509), 'widthPnts': np.int64(694), 'widthMs': np.float64(69.4)}, {'halfHeight': 50, 'risingPnt': np.int64(1079824), 'fallingPnt': np.int64(1080317), 'widthPnts': np.int64(493), 'widthMs': np.float64(49.3)}, {'halfHeight': 80, 'risingPnt': np.int64(1079838), 'fallingPnt': np.int64(1079998), 'widthPnts': np.int64(160), 'widthMs': np.float64(16.0)}, {'halfHeight': 90, 'risingPnt': np.int64(1079846), 'fallingPnt': np.int64(1079926), 'widthPnts': np.int64(80), 'widthMs': np.float64(8.0)}]",77.2,69.4,49.3,16.0,8.0,6.800000000012574,yes,2006-01-11,04:23:12,,,,,unknown,,,,
54,54,mv,0,1,0.0,54,0,"[{'Spike': 54, 'Seconds': np.float64(110.6972), 'Sweep': 0, 'Epoch': 1, 'Type': 'Fast AHP was detected at end of fast AHP window', 'Details': 'Consider increasing the fast AHP window with fastAhpWindow_ms'}]",20260908,16:37:51,,,20230324a,20230324a,20191009_0005.abf,,20.0,-20.0,0,"[10, 20, 50, 80, 90]",1106972,110.6972,-19.173758370535705,15.154157366071415,,1107033,110.7033,22.15576171874999,41.329520089285694,6.100000000003547,1107112,110.71119999999999,16.104561941964278,1105192,-53.62792968749997,1105370,1106082,71.2,-52.61230468749998,-50.20577566964283,27.44748321161909,,1106980,-6.321498325892854,17.645388233418352,1107111,16.226632254464278,-5.844427614795916,27163.0,2716.3,0.36814784817582735,26814.0,2681.4,178.0,"[{'halfHeight': 10, 'risingPnt': np.int64(1106975), 'fallingPnt': np.int64(1107751), 'widthPnts': np.int64(776), 'widthMs': np.float64(77.6)}, {'halfHeight': 20, 'risingPnt': np.int64(1106978), 'fallingPnt': np.int64(1107683), 'widthPnts': np.int64(705), 'widthMs': np.float64(70.5)}, {'halfHeight': 50, 'risingPnt': np.int64(1106986), 'fallingPnt': np.int64(1107483), 'widthPnts': np.int64(497), 'widthMs': np.float64(49.7)}, {'halfHeight': 80, 'risingPnt': np.int64(1107001), 'fallingPnt': np.int64(1107157), 'widthPnts': np.int64(156), 'widthMs': np.float64(15.6)}, {'halfHeight': 90, 'risingPnt': np.int64(1107008), 'fallingPnt': np.int64(1107091), 'widthPnts': np.int64(83), 'widthMs': np.float64(8.3)}]",77.6,70.5,49.7,15.6,8.3,6.100000000003547,yes,2006-01-11,04:23:12,,,,,unknown,,,,
55,55,mv,0,1,0.0,55,0,[],20260908,16:37:51,,,20230324a,20230324a,20191009_0005.abf,,20.0,-20.0,0,"[10, 20, 50, 80, 90]",1124418,112.4418,-19.147600446428562,14.344507334183664,,1124478,112.4478,20.28982979910713,39.437430245535694,6.000000000000227,1124554,112.4554,14.997209821428564,1122873,-52.99682617187497,1123027,1123645,61.8,-52.36816406249997,-49.16817801339283,49.202278722009105,,1124425,-8.832659040178568,18.009107940051,1124520,17.142159598214278,-5.2216198979591635,17446.0,1744.6,0.57319729450877,17681.0,1768.1,154.5,"[{'halfHeight': 10, 'risingPnt': np.int64(1124421), 'fallingPnt': np.int64(1125152), 'widthPnts': np.int64(731), 'widthMs': np.float64(73.1)}, {'halfHeight': 20, 'risingPnt': np.int64(1124424), 'fallingPnt': np.int64(1125089), 'widthPnts': np.int64(665), 'widthMs': np.float64(66.5)}, {'halfHeight': 50, 'risingPnt': np.int64(1124433), 'fallingPnt': np.int64(1124923), 'widthPnts': np.int64(490), 'widthMs': np.float64(49.0)}, {'halfHeight': 80, 'risingPnt': np.int64(1124447), 'fallingPnt': np.int64(1124625), 'widthPnts': np.int64(178), 'widthMs': np.float64(17.8)}, {'halfHeight': 90, 'risingPnt': np.int64(1124455), 'fallingPnt': np.int64(1124534), 'widthPnts': np.int64(79), 'widthMs': np.float64(7.9)}]",73.1,66.5,49.0,17.8,7.9,6.000000000000227,yes,2006-01-11,04:23:12,,,,,unknown,,,,
56,56,mv,0,1,0.0,56,0,[],20260908,16:37:51,,,20230324a,20230324a,20191009_0005.abf,,20.0,-20.0,0,"[10, 20, 50, 80, 90]",1136679,113.66789999999999,-18.729073660714278,16.868124202806108,,1136737,113.6737,22.26039341517856,40.98946707589283,5.800000000007799,1136814,113.6814,16.505650111607135,1135359,-51.20082310267854,1135491,1136019,52.8,-50.28424944196426,-48.61886160714283,42.42127535707452,,1136686,-7.402692522321425,18.15609056122447,1136759,20.664760044642847,-4.319794323979588,12261.0,1226.1,0.8155941603458119,12486.0,1248.6,132.0,"[{'halfHeight': 10, 'risingPnt': np.int64(1136682), 'fallingPnt': np.int64(1137464), 'widthPnts': np.int64(782), 'widthMs': np.float64(78.2)}, {'halfHeight': 20, 'risingPnt': np.int64(1136685), 'fallingPnt': np.int64(1137401), 'widthPnts': np.int64(716), 'widthMs': np.float64(71.6)}, {'halfHeight': 50, 'risingPnt': np.int64(1136693), 'fallingPnt': np.int64(1137173), 'widthPnts': np.int64(480), 'widthMs': np.float64(48.0)}, {'halfHeight': 80, 'risingPnt': np.int64(1136707), 'fallingPnt': np.int64(1136873), 'widthPnts': np.int64(166), 'widthMs': np.float64(16.6)}, {'halfHeight': 90, 'risingPnt': np.int64(1136716), 'fallingPnt': np.int64(1136792), 'widthPnts': np.int64(76), 'widthMs': np.float64(7.6)}]",78.2,71.6,48.0,16.6,7.6,5.800000000007799,yes,2006-01-11,04:23:12,,,,,unknown,,,,
57,57,mv,0,1,0.0,57,0,"[{'Spike': 57, 'Seconds': np.float64(116.3274), 'Sweep': 0, 'Epoch': 1, 'Type': 'Fit EDD', 'Details': 'Early diastolic duration rate fit - Too low 2.323<=8'}]",20260908,16:37:51,,,20230324a,20230324a,20191009_0005.abf,,20.0,-20.0,0,"[10, 20, 50, 80, 90]",1163274,116.3274,-19.73179408482142,11.96538185586734,,1163348,116.3348,20.603724888392847,40.33551897321426,7.40000000000407,1163424,116.3424,15.29366629464285,1160846,-48.671003069196416,1161089,1162060,97.1,-47.19761439732141,-47.27608816964283,2.323013654535949,,1163276,-16.305106026785705,17.954300860969376,1163494,12.285505022321422,-4.738321109693873,26595.0,2659.5,0.37601052829479226,25487.0,2548.7,242.8,"[{'halfHeight': 10, 'risingPnt': np.int64(1163277), 'fallingPnt': np.int64(1164062), 'widthPnts': np.int64(785), 'widthMs': np.float64(78.5)}, {'halfHeight': 20, 'risingPnt': np.int64(1163280), 'fallingPnt': np.int64(1164002), 'widthPnts': np.int64(722), 'widthMs': np.float64(72.2)}, {'halfHeight': 50, 'risingPnt': np.int64(1163289), 'fallingPnt': np.int64(1163812), 'widthPnts': np.int64(523), 'widthMs': np.float64(52.3)}, {'halfHeight': 80, 'risingPnt': np.int64(1163304), 'fallingPnt': np.int64(1163494), 'widthPnts': np.int64(190), 'widthMs': np.float64(19.0)}, {'halfHeight': 90, 'risingPnt': np.int64(1163313), 'fallingPnt': np.int64(1163399), 'widthPnts': np.int64(86), 'widthMs': np.float64(8.6)}]",78.5,72.2,52.3,19.0,8.6,7.40000000000407,yes,2006-01-11,04:23:12,,,,,unknown,,,,
58,58,mv,0,1,0.0,58,0,"[{'Spike': 58, 'Seconds': np.float64(117.5597), 'Sweep': 0, 'Epoch': 1, 'Type': 'Fast AHP was detected at end of fast AHP window', 'Details': 'Consider increasing the fast AHP window with fastAhpWindow_ms'}]",20260908,16:37:51,,,20230324a,20230324a,20191009_0005.abf,,20.0,-20.0,0,"[10, 20, 50, 80, 90]",1175597,117.55969999999999,-19.949776785714278,14.626016422193853,,1175660,117.566,23.21079799107142,43.160574776785694,6.300000000010186,1175739,117.5739,16.095842633928562,1174679,-51.37329101562498,1174771,1175138,36.7,-50.04882812499998,-48.03466796874998,56.76728001024317,,1175600,-15.06696428571428,17.585598692602026,1175757,15.372140066964278,-4.210180165816322,12323.0,1232.3,0.8114907084313885,13833.0,1383.3,91.8,"[{'halfHeight': 10, 'risingPnt': np.int64(1175600), 'fallingPnt': np.int64(1176383), 'widthPnts': np.int64(783), 'widthMs': np.float64(78.3)}, {'halfHeight': 20, 'risingPnt': np.int64(1175603), 'fallingPnt': np.int64(1176314), 'widthPnts': np.int64(711), 'widthMs': np.float64(71.1)}, {'halfHeight': 50, 'risingPnt': np.int64(1175612), 'fallingPnt': np.int64(1176102), 'widthPnts': np.int64(490), 'widthMs': np.float64(49.0)}, {'halfHeight': 80, 'risingPnt': np.int64(1175625), 'fallingPnt': np.int64(1175769), 'widthPnts': np.int64(144), 'widthMs': np.float64(14.4)}, {'halfHeight': 90, 'risingPnt': np.int64(1175632), 'fallingPnt': np.int64(1175703), 'widthPnts': np.int64(71), 'widthMs': np.float64(7.1)}]",78.3,71.1,49.0,14.4,7.1,6.300000000010186,yes,2006-01-11,04:23:12,,,,,unknown,,,,
59,59,mv,0,1,0.0,59,0,"[{'Spike': 59, 'Seconds': np.float64(118.6255), 'Sweep': 0, 'Epoch': 1, 'Type': 'Fast AHP was detected at end of fast AHP window', 'Details': 'Consider increasing the fast AHP window with fastAhpWindow_ms'}]",20260908,16:37:51,,,20230324a,20230324a,20191009_0005.abf,,20.0,-20.0,0,"[10, 20, 50, 80, 90]",1186255,118.6255,-19.234793526785705,16.11328124999997,,1186321,118.63210000000001,20.237513950892847,39.472307477678555,6.6000000000059345,1186400,118.64,15.755789620535706,1183925,-52.23039899553569,1184158,1185090,93.2,-51.33056640624998,-49.54310825892855,20.948730815114338,,1186256,-17.79610770089285,16.868124202806097,1186374,16.94161551339285,-5.978954081632634,10658.0,1065.8,0.9382623381497468,9246.0,924.6,233.0,"[{'halfHeight': 10, 'risingPnt': np.int64(1186258), 'fallingPnt': np.int64(1187053), 'widthPnts': np.int64(795), 'widthMs': np.float64(79.5)}, {'halfHeight': 20, 'risingPnt': np.int64(1186261), 'fallingPnt': np.int64(1186978), 'widthPnts': np.int64(717), 'widthMs': np.float64(71.7)}, {'halfHeight': 50, 'risingPnt': np.int64(1186270), 'fallingPnt': np.int64(1186785), 'widthPnts': np.int64(515), 'widthMs': np.float64(51.5)}, {'halfHeight': 80, 'risingPnt': np.int64(1186285), 'fallingPnt': np.int64(1186495), 'widthPnts': np.int64(210), 'widthMs': np.float64(21.0)}, {'halfHeight': 90, 'risingPnt': np.int64(1186295), 'fallingPnt': np.int64(1186398), 'widthPnts': np.int64(103), 'widthMs': np.float64(10.3)}]",79.5,71.7,51.5,21.0,10.3,6.6000000000059345,yes,2006-01-11,04:23:12,,,,,unknown,,,,
