include=yes;animal_id=;species=;region=;cell_type=;age=;sex=unknown;genotype=;condition=;experiment=;note=;
,file,sweep,epoch,epochLevel,dacCommand,detectionType,dvdtThreshold,mvThreshold,medianFilter,halfHeights,analysisDate,analysisTime,modDate,modTime,sanpy_version,sanpy_git_commit,sanpy_git_dirty,condition,spikeNumber,sweepSpikeNumber,userType,errors,spike_condition,thresholdPnt,thresholdSec,thresholdVal,thresholdVal_dvdt,peakPnt,peakSec,peakVal,peakHeight,timeToPeak_ms,fastAhpPnt,fastAhpSec,fastAhpValue,preMinPnt,preMinVal,preLinearFitPnt0,preLinearFitPnt1,earlyDiastolicDuration_ms,preLinearFitVal0,preLinearFitVal1,earlyDiastolicDurationRate,lateDiastolicDuration,preSpike_dvdt_max_pnt,preSpike_dvdt_max_val,preSpike_dvdt_max_val2,postSpike_dvdt_min_pnt,postSpike_dvdt_min_val,postSpike_dvdt_min_val2,isi_pnts,isi_ms,spikeFreq_hz,cycleLength_pnts,cycleLength_ms,diastolicDuration_ms,widths,widths_10,widths_20,widths_50,widths_80,widths_90,include,animal_id,species,region,cell_type,age,sex,genotype,experiment,note
0,20191009_0005.abf,0,0,0.0,,dvdt,10.0,-20.0,0,"[10, 20, 50, 80, 90]",20260928,19:53:35,,,0.2.8.post45,ceeda3d8b38d399aaf1761b27ed8696acdeb9705,True,,0,0,0,"[{'Spike': 0, 'Seconds': np.float64(0.0374), 'Sweep': 0, 'Epoch': 0, 'Type': 'Pre spike min under-run (mdp)', 'Details': 'Went past startPnt 0 searching for pre-spike min'}]",,374,0.037399999999999996,-38.60909598214284,0.695053411989816,474,0.0474,14.177594866071422,52.78669084821426,10.000000000000002,550,0.055,11.343819754464281,107,-46.95539202008926,134,241,10.7,-46.22105189732141,-44.869559151785694,67.52556458270246,,406,-9.538922991071423,14.496472417091816,526,12.207031249999995,-5.35614636479591,,,,,,26.7,"[{'halfHeight': 10, 'risingPnt': np.int64(382), 'fallingPnt': np.int64(1484), 'widthPnts': np.int64(1102), 'widthMs': np.float64(110.2)}, {'halfHeight': 20, 'risingPnt': np.int64(388), 'fallingPnt': np.int64(1400), 'widthPnts': np.int64(1012), 'widthMs': np.float64(101.2)}, {'halfHeight': 50, 'risingPnt': np.int64(405), 'fallingPnt': np.int64(1165), 'widthPnts': np.int64(760), 'widthMs': np.float64(76.0)}, {'halfHeight': 80, 'risingPnt': np.int64(425), 'fallingPnt': np.int64(870), 'widthPnts': np.int64(445), 'widthMs': np.float64(44.5)}, {'halfHeight': 90, 'risingPnt': np.int64(437), 'fallingPnt': np.int64(719), 'widthPnts': np.int64(282), 'widthMs': np.float64(28.2)}]",110.2,101.2,76.0,44.5,28.2,yes,,,,,,unknown,,,
1,20191009_0005.abf,0,0,0.0,,dvdt,10.0,-20.0,0,"[10, 20, 50, 80, 90]",20260928,19:53:35,,,0.2.8.post45,ceeda3d8b38d399aaf1761b27ed8696acdeb9705,True,,1,1,0,[],,15239,1.5239,-39.50718470982141,0.6975446428571547,15340,1.534,13.680594308035706,53.18777901785712,10.099999999999998,15415,1.5415,10.550362723214281,13878,-50.510602678571416,14014,14558,54.4,-49.03738839285712,-48.24393136160712,25.66312749509913,,15285,-0.5493164062499999,12.590680803571416,15461,11.108398437499995,-6.43484933035714,14865.0,1486.5,0.6727211570803903,13771.0,1377.1,136.1,"[{'halfHeight': 10, 'risingPnt': np.int64(15249), 'fallingPnt': np.int64(16396), 'widthPnts': np.int64(1147), 'widthMs': np.float64(114.7)}, {'halfHeight': 20, 'risingPnt': np.int64(15254), 'fallingPnt': np.int64(16325), 'widthPnts': np.int64(1071), 'widthMs': np.float64(107.1)}, {'halfHeight': 50, 'risingPnt': np.int64(15270), 'fallingPnt': np.int64(16063), 'widthPnts': np.int64(793), 'widthMs': np.float64(79.3)}, {'halfHeight': 80, 'risingPnt': np.int64(15292), 'fallingPnt': np.int64(15759), 'widthPnts': np.int64(467), 'widthMs': np.float64(46.7)}, {'halfHeight': 90, 'risingPnt': np.int64(15302), 'fallingPnt': np.int64(15599), 'widthPnts': np.int64(297), 'widthMs': np.float64(29.7)}]",114.7,107.1,79.3,46.7,29.7,yes,,,,,,unknown,,,
2,20191009_0005.abf,0,1,0.0,,dvdt,10.0,-20.0,0,"[10, 20, 50, 80, 90]",20260928,19:53:35,,,0.2.8.post45,ceeda3d8b38d399aaf1761b27ed8696acdeb9705,True,,2,2,0,[],,52260,5.226,-38.112095424107125,0.7872289540816307,52349,5.2349,16.278948102678562,54.39104352678569,8.899999999999686,52422,5.2421999999999995,11.570521763392852,50932,-50.77410016741069,51065,51596,53.1,-49.813406808035694,-48.02594866071426,44.05981192444984,,52272,-26.681082589285705,14.476542570153034,52501,11.727469308035708,-5.473234215561224,37021.0,3702.1,0.27011696064395885,37054.0,3705.4,132.8,"[{'halfHeight': 10, 'risingPnt': np.int64(52267), 'fallingPnt': np.int64(53296), 'widthPnts': np.int64(1029), 'widthMs': np.float64(102.9)}, {'halfHeight': 20, 'risingPnt': np.int64(52272), 'fallingPnt': np.int64(53218), 'widthPnts': np.int64(946), 'widthMs': np.float64(94.6)}, {'halfHeight': 50, 'risingPnt': np.int64(52288), 'fallingPnt': np.int64(52968), 'widthPnts': np.int64(680), 'widthMs': np.float64(68.0)}, {'halfHeight': 80, 'risingPnt': np.int64(52308), 'fallingPnt': np.int64(52712), 'widthPnts': np.int64(404), 'widthMs': np.float64(40.4)}, {'halfHeight': 90, 'risingPnt': np.int64(52320), 'fallingPnt': np.int64(52518), 'widthPnts': np.int64(198), 'widthMs': np.float64(19.8)}]",102.9,94.6,68.0,40.4,19.8,yes,,,,,,unknown,,,
3,20191009_0005.abf,0,1,0.0,,dvdt,10.0,-20.0,0,"[10, 20, 50, 80, 90]",20260928,19:53:35,,,0.2.8.post45,ceeda3d8b38d399aaf1761b27ed8696acdeb9705,True,,3,3,0,"[{'Spike': 3, 'Seconds': np.float64(6.0744), 'Sweep': 0, 'Epoch': 1, 'Type': 'Fast AHP was detected at end of fast AHP window', 'Details': 'Consider increasing the fast AHP window with fastAhpWindow_ms'}]",,60744,6.0744,-39.48974609374998,0.969088807397948,60836,6.083600000000001,17.674037388392847,57.163783482142826,9.200000000000763,60915,6.0915,12.651715959821422,59589,-50.64644949776783,59705,60167,46.2,-49.44719587053569,-47.21505301339283,63.67388328346075,,60762,-27.308872767857128,14.023138552295904,60922,12.337820870535708,-3.74930245535714,8484.0,848.4,1.1786892975011787,8657.0,865.7,115.5,"[{'halfHeight': 10, 'risingPnt': np.int64(60756), 'fallingPnt': np.int64(61810), 'widthPnts': np.int64(1054), 'widthMs': np.float64(105.4)}, {'halfHeight': 20, 'risingPnt': np.int64(60762), 'fallingPnt': np.int64(61728), 'widthPnts': np.int64(966), 'widthMs': np.float64(96.6)}, {'halfHeight': 50, 'risingPnt': np.int64(60778), 'fallingPnt': np.int64(61487), 'widthPnts': np.int64(709), 'widthMs': np.float64(70.9)}, {'halfHeight': 80, 'risingPnt': np.int64(60797), 'fallingPnt': np.int64(61206), 'widthPnts': np.int64(409), 'widthMs': np.float64(40.9)}, {'halfHeight': 90, 'risingPnt': np.int64(60809), 'fallingPnt': np.int64(60958), 'widthPnts': np.int64(149), 'widthMs': np.float64(14.9)}]",105.4,96.6,70.9,40.9,14.9,yes,,,,,,unknown,,,
4,20191009_0005.abf,0,1,0.0,,dvdt,10.0,-20.0,0,"[10, 20, 50, 80, 90]",20260928,19:53:35,,,0.2.8.post45,ceeda3d8b38d399aaf1761b27ed8696acdeb9705,True,,4,4,0,[],,95848,9.5848,-37.08321707589284,1.5620017538265343,95935,9.5935,19.217354910714278,56.30057198660712,8.70000000000104,96013,9.601299999999998,13.933454241071422,94308,-50.42114257812497,94462,95078,61.6,-48.78452845982141,-47.145298549107125,29.57931658850759,,95876,-8.850097656249996,15.747070312499984,95964,16.993931361607135,-5.620216836734697,35104.0,3510.4,0.28486782133090244,34719.0,3471.9,154.0,"[{'halfHeight': 10, 'risingPnt': np.int64(95856), 'fallingPnt': np.int64(96920), 'widthPnts': np.int64(1064), 'widthMs': np.float64(106.4)}, {'halfHeight': 20, 'risingPnt': np.int64(95861), 'fallingPnt': np.int64(96851), 'widthPnts': np.int64(990), 'widthMs': np.float64(99.0)}, {'halfHeight': 50, 'risingPnt': np.int64(95876), 'fallingPnt': np.int64(96577), 'widthPnts': np.int64(701), 'widthMs': np.float64(70.1)}, {'halfHeight': 80, 'risingPnt': np.int64(95896), 'fallingPnt': np.int64(96252), 'widthPnts': np.int64(356), 'widthMs': np.float64(35.6)}, {'halfHeight': 90, 'risingPnt': np.int64(95907), 'fallingPnt': np.int64(96041), 'widthPnts': np.int64(134), 'widthMs': np.float64(13.4)}]",106.4,99.0,70.1,35.6,13.4,yes,,,,,,unknown,,,
5,20191009_0005.abf,0,1,0.0,,dvdt,10.0,-20.0,0,"[10, 20, 50, 80, 90]",20260928,19:53:35,,,0.2.8.post45,ceeda3d8b38d399aaf1761b27ed8696acdeb9705,True,,5,5,0,"[{'Spike': 5, 'Seconds': np.float64(13.1255), 'Sweep': 0, 'Epoch': 1, 'Type': 'Fit EDD', 'Details': 'Early diastolic duration rate fit - Too low 3.682<=8'}]",,131255,13.1255,-39.332798549107125,0.9541414221938826,131342,13.1342,20.16775948660713,59.500558035714256,8.699999999999264,131419,13.1419,13.192313058035708,129105,-52.306082589285694,129320,130180,86.0,-51.43519810267855,-50.08370535714283,3.682472145758652,,131280,-16.27022879464285,14.56871811224488,131413,13.471330915178564,-4.514110331632646,35407.0,3540.7,0.2824300279605728,34797.0,3479.7,215.0,"[{'halfHeight': 10, 'risingPnt': np.int64(131266), 'fallingPnt': np.int64(132295), 'widthPnts': np.int64(1029), 'widthMs': np.float64(102.9)}, {'halfHeight': 20, 'risingPnt': np.int64(131272), 'fallingPnt': np.int64(132208), 'widthPnts': np.int64(936), 'widthMs': np.float64(93.6)}, {'halfHeight': 50, 'risingPnt': np.int64(131287), 'fallingPnt': np.int64(131934), 'widthPnts': np.int64(647), 'widthMs': np.float64(64.7)}, {'halfHeight': 80, 'risingPnt': np.int64(131305), 'fallingPnt': np.int64(131593), 'widthPnts': np.int64(288), 'widthMs': np.float64(28.8)}, {'halfHeight': 90, 'risingPnt': np.int64(131315), 'fallingPnt': np.int64(131408), 'widthPnts': np.int64(93), 'widthMs': np.float64(9.3)}]",102.9,93.6,64.7,28.8,9.3,yes,,,,,,unknown,,,
6,20191009_0005.abf,0,1,0.0,,dvdt,10.0,-20.0,0,"[10, 20, 50, 80, 90]",20260928,19:53:35,,,0.2.8.post45,ceeda3d8b38d399aaf1761b27ed8696acdeb9705,True,,6,6,0,[],,157276,15.7276,-39.838518415178555,-2.45137117346941,157368,15.736799999999999,17.49093191964285,57.3294503348214,9.199999999998099,157442,15.744200000000001,12.56452287946428,155792,-52.359095982142826,155940,156534,59.4,-51.67933872767855,-48.74965122767855,44.556198705910916,,157305,-11.439732142857137,14.593630420918347,157463,12.704031808035708,-4.633689413265304,26021.0,2602.1,0.38430498443564814,26687.0,2668.7,148.4,"[{'halfHeight': 10, 'risingPnt': np.int64(157284), 'fallingPnt': np.int64(158353), 'widthPnts': np.int64(1069), 'widthMs': np.float64(106.9)}, {'halfHeight': 20, 'risingPnt': np.int64(157290), 'fallingPnt': np.int64(158262), 'widthPnts': np.int64(972), 'widthMs': np.float64(97.2)}, {'halfHeight': 50, 'risingPnt': np.int64(157305), 'fallingPnt': np.int64(158017), 'widthPnts': np.int64(712), 'widthMs': np.float64(71.2)}, {'halfHeight': 80, 'risingPnt': np.int64(157325), 'fallingPnt': np.int64(157720), 'widthPnts': np.int64(395), 'widthMs': np.float64(39.5)}, {'halfHeight': 90, 'risingPnt': np.int64(157336), 'fallingPnt': np.int64(157540), 'widthPnts': np.int64(204), 'widthMs': np.float64(20.4)}]",106.9,97.2,71.2,39.5,20.4,yes,,,,,,unknown,,,
7,20191009_0005.abf,0,1,0.0,,dvdt,10.0,-20.0,0,"[10, 20, 50, 80, 90]",20260928,19:53:35,,,0.2.8.post45,ceeda3d8b38d399aaf1761b27ed8696acdeb9705,True,,7,7,0,"[{'Spike': 7, 'Seconds': np.float64(16.3383), 'Sweep': 0, 'Epoch': 1, 'Type': 'Fast AHP was detected at end of fast AHP window', 'Details': 'Consider increasing the fast AHP window with fastAhpWindow_ms'}]",,163383,16.3383,-39.26304408482141,0.8021763392857482,163492,16.3492,14.665876116071422,53.92892020089283,10.899999999999466,163571,16.3571,12.093680245535708,161316,-53.17400251116069,161523,162350,82.7,-51.69677734374998,-48.70605468749998,30.062873070667393,,163397,-29.41022600446427,12.807417889030592,163509,13.46261160714285,-5.047233737244884,6107.0,610.7,1.6374652038644177,5524.0,552.4,206.7,"[{'halfHeight': 10, 'risingPnt': np.int64(163392), 'fallingPnt': np.int64(164490), 'widthPnts': np.int64(1098), 'widthMs': np.float64(109.8)}, {'halfHeight': 20, 'risingPnt': np.int64(163398), 'fallingPnt': np.int64(164418), 'widthPnts': np.int64(1020), 'widthMs': np.float64(102.0)}, {'halfHeight': 50, 'risingPnt': np.int64(163414), 'fallingPnt': np.int64(164179), 'widthPnts': np.int64(765), 'widthMs': np.float64(76.5)}, {'halfHeight': 80, 'risingPnt': np.int64(163434), 'fallingPnt': np.int64(163901), 'widthPnts': np.int64(467), 'widthMs': np.float64(46.7)}, {'halfHeight': 90, 'risingPnt': np.int64(163446), 'fallingPnt': np.int64(163761), 'widthPnts': np.int64(315), 'widthMs': np.float64(31.5)}]",109.8,102.0,76.5,46.7,31.5,yes,,,,,,unknown,,,
8,20191009_0005.abf,0,1,0.0,,dvdt,10.0,-20.0,0,"[10, 20, 50, 80, 90]",20260928,19:53:35,,,0.2.8.post45,ceeda3d8b38d399aaf1761b27ed8696acdeb9705,True,,8,8,0,"[{'Spike': 8, 'Seconds': np.float64(19.9763), 'Sweep': 0, 'Epoch': 1, 'Type': 'Fast AHP was detected at end of fast AHP window', 'Details': 'Consider increasing the fast AHP window with fastAhpWindow_ms'}]",,199763,19.9763,-39.56821986607141,-0.7498604910714466,199865,19.9865,16.383579799107135,55.95179966517854,10.200000000001097,199944,19.994400000000002,12.346540178571422,197657,-50.721609933035694,197868,198710,84.2,-48.70605468749998,-47.30224609374998,21.713578131589514,,199794,-14.264787946428564,12.710259885204065,199880,15.11056082589285,-4.810566804846924,36380.0,3638.0,0.2748763056624519,36341.0,3634.1,210.6,"[{'halfHeight': 10, 'risingPnt': np.int64(199775), 'fallingPnt': np.int64(200841), 'widthPnts': np.int64(1066), 'widthMs': np.float64(106.6)}, {'halfHeight': 20, 'risingPnt': np.int64(199781), 'fallingPnt': np.int64(200766), 'widthPnts': np.int64(985), 'widthMs': np.float64(98.5)}, {'halfHeight': 50, 'risingPnt': np.int64(199798), 'fallingPnt': np.int64(200510), 'widthPnts': np.int64(712), 'widthMs': np.float64(71.2)}, {'halfHeight': 80, 'risingPnt': np.int64(199819), 'fallingPnt': np.int64(200238), 'widthPnts': np.int64(419), 'widthMs': np.float64(41.9)}, {'halfHeight': 90, 'risingPnt': np.int64(199831), 'fallingPnt': np.int64(200065), 'widthPnts': np.int64(234), 'widthMs': np.float64(23.4)}]",106.6,98.5,71.2,41.9,23.4,yes,,,,,,unknown,,,
9,20191009_0005.abf,0,1,0.0,,dvdt,10.0,-20.0,0,"[10, 20, 50, 80, 90]",20260928,19:53:35,,,0.2.8.post45,ceeda3d8b38d399aaf1761b27ed8696acdeb9705,True,,9,9,0,[],,210002,21.0002,-39.29792131696427,0.5032286352040773,210099,21.009900000000002,15.31110491071428,54.60902622767855,9.700000000002262,210161,21.016099999999998,11.858258928571423,208658,-50.78857421874999,208792,209330,53.8,-50.20577566964283,-48.13929966517855,39.11774103629928,,210017,-29.04401506696427,12.999242665816322,210160,12.154715401785708,-4.3471978635204,10239.0,1023.9,0.976657876745776,11001.0,1100.1,134.4,"[{'halfHeight': 10, 'risingPnt': np.int64(210012), 'fallingPnt': np.int64(211072), 'widthPnts': np.int64(1060), 'widthMs': np.float64(106.0)}, {'halfHeight': 20, 'risingPnt': np.int64(210018), 'fallingPnt': np.int64(210986), 'widthPnts': np.int64(968), 'widthMs': np.float64(96.8)}, {'halfHeight': 50, 'risingPnt': np.int64(210034), 'fallingPnt': np.int64(210756), 'widthPnts': np.int64(722), 'widthMs': np.float64(72.2)}, {'halfHeight': 80, 'risingPnt': np.int64(210055), 'fallingPnt': np.int64(210485), 'widthPnts': np.int64(430), 'widthMs': np.float64(43.0)}, {'halfHeight': 90, 'risingPnt': np.int64(210067), 'fallingPnt': np.int64(210339), 'widthPnts': np.int64(272), 'widthMs': np.float64(27.2)}]",106.0,96.8,72.2,43.0,27.2,yes,,,,,,unknown,,,
10,20191009_0005.abf,0,1,0.0,,dvdt,10.0,-20.0,0,"[10, 20, 50, 80, 90]",20260928,19:53:35,,,0.2.8.post45,ceeda3d8b38d399aaf1761b27ed8696acdeb9705,True,,10,10,0,[],,241675,24.1675,-38.216727120535694,0.7772640306122253,241777,24.1777,14.901297433035706,53.1180245535714,10.200000000001097,241853,24.185299999999998,11.797223772321423,240153,-50.001569475446416,240305,240914,60.9,-48.98507254464283,-46.89243861607141,22.41864575968446,,241689,-26.88162667410713,12.508470184948962,241829,12.468610491071423,-4.613759566326529,31673.0,3167.3,0.3157263284185268,31495.0,3149.5,152.2,"[{'halfHeight': 10, 'risingPnt': np.int64(241684), 'fallingPnt': np.int64(242734), 'widthPnts': np.int64(1050), 'widthMs': np.float64(105.0)}, {'halfHeight': 20, 'risingPnt': np.int64(241689), 'fallingPnt': np.int64(242655), 'widthPnts': np.int64(966), 'widthMs': np.float64(96.6)}, {'halfHeight': 50, 'risingPnt': np.int64(241705), 'fallingPnt': np.int64(242435), 'widthPnts': np.int64(730), 'widthMs': np.float64(73.0)}, {'halfHeight': 80, 'risingPnt': np.int64(241726), 'fallingPnt': np.int64(242146), 'widthPnts': np.int64(420), 'widthMs': np.float64(42.0)}, {'halfHeight': 90, 'risingPnt': np.int64(241738), 'fallingPnt': np.int64(241994), 'widthPnts': np.int64(256), 'widthMs': np.float64(25.6)}]",105.0,96.6,73.0,42.0,25.6,yes,,,,,,unknown,,,
11,20191009_0005.abf,0,1,0.0,,dvdt,10.0,-20.0,0,"[10, 20, 50, 80, 90]",20260928,19:53:35,,,0.2.8.post45,ceeda3d8b38d399aaf1761b27ed8696acdeb9705,True,,11,11,0,"[{'Spike': 11, 'Seconds': np.float64(25.5916), 'Sweep': 0, 'Epoch': 1, 'Type': 'Fit EDD', 'Details': 'Early diastolic duration rate fit - Too low 2.195<=8'}]",,255916,25.5916,-39.91699218749998,-0.15445631377551808,256037,25.6037,14.099121093749993,54.01611328124997,12.100000000000222,256112,25.6112,11.108398437499995,254137,-51.74019949776783,254315,255027,71.2,-50.32784598214283,-50.04882812499998,2.195177957455645,,255938,-23.271833147321416,12.961874202806102,256111,11.274065290178566,-4.8205317283163245,14241.0,1424.1,0.7021978793624044,13984.0,1398.4,177.9,"[{'halfHeight': 10, 'risingPnt': np.int64(255927), 'fallingPnt': np.int64(257038), 'widthPnts': np.int64(1111), 'widthMs': np.float64(111.1)}, {'halfHeight': 20, 'risingPnt': np.int64(255933), 'fallingPnt': np.int64(256950), 'widthPnts': np.int64(1017), 'widthMs': np.float64(101.7)}, {'halfHeight': 50, 'risingPnt': np.int64(255949), 'fallingPnt': np.int64(256713), 'widthPnts': np.int64(764), 'widthMs': np.float64(76.4)}, {'halfHeight': 80, 'risingPnt': np.int64(255971), 'fallingPnt': np.int64(256437), 'widthPnts': np.int64(466), 'widthMs': np.float64(46.6)}, {'halfHeight': 90, 'risingPnt': np.int64(255983), 'fallingPnt': np.int64(256281), 'widthPnts': np.int64(298), 'widthMs': np.float64(29.8)}]",111.1,101.7,76.4,46.6,29.8,yes,,,,,,unknown,,,
12,20191009_0005.abf,0,1,0.0,,dvdt,10.0,-20.0,0,"[10, 20, 50, 80, 90]",20260928,19:53:35,,,0.2.8.post45,ceeda3d8b38d399aaf1761b27ed8696acdeb9705,True,,12,12,0,[],,265259,26.5259,-39.393833705357125,-0.5754743303571483,265368,26.5368,13.994489397321422,53.38832310267855,10.899999999999466,265438,26.5438,11.457170758928566,263350,-52.23196847098211,263541,264304,76.3,-50.72021484374998,-49.508231026785694,29.752172168754594,,265275,-28.250558035714274,12.879663584183659,265561,10.681152343749995,-4.646145567602042,9343.0,934.3,1.0703200256876808,9213.0,921.3,190.9,"[{'halfHeight': 10, 'risingPnt': np.int64(265270), 'fallingPnt': np.int64(266425), 'widthPnts': np.int64(1155), 'widthMs': np.float64(115.5)}, {'halfHeight': 20, 'risingPnt': np.int64(265275), 'fallingPnt': np.int64(266328), 'widthPnts': np.int64(1053), 'widthMs': np.float64(105.3)}, {'halfHeight': 50, 'risingPnt': np.int64(265291), 'fallingPnt': np.int64(266109), 'widthPnts': np.int64(818), 'widthMs': np.float64(81.8)}, {'halfHeight': 80, 'risingPnt': np.int64(265313), 'fallingPnt': np.int64(265812), 'widthPnts': np.int64(499), 'widthMs': np.float64(49.9)}, {'halfHeight': 90, 'risingPnt': np.int64(265323), 'fallingPnt': np.int64(265669), 'widthPnts': np.int64(346), 'widthMs': np.float64(34.6)}]",115.5,105.3,81.8,49.9,34.6,yes,,,,,,unknown,,,
13,20191009_0005.abf,0,1,0.0,,dvdt,10.0,-20.0,0,"[10, 20, 50, 80, 90]",20260928,19:53:35,,,0.2.8.post45,ceeda3d8b38d399aaf1761b27ed8696acdeb9705,True,,13,13,0,[],,297445,29.7445,-40.065220424107125,-1.9356863839285583,297561,29.7561,14.779227120535706,54.84444754464283,11.600000000001387,297638,29.7638,11.413574218749995,296165,-50.42044503348212,296293,296805,51.2,-50.2493722098214,-47.68589564732141,44.04117564452401,,297457,-33.48214285714284,13.674366230867353,297678,11.134556361607137,-5.196707589285705,32186.0,3218.6,0.3106940905983968,32815.0,3281.5,128.0,"[{'halfHeight': 10, 'risingPnt': np.int64(297457), 'fallingPnt': np.int64(298551), 'widthPnts': np.int64(1094), 'widthMs': np.float64(109.4)}, {'halfHeight': 20, 'risingPnt': np.int64(297462), 'fallingPnt': np.int64(298456), 'widthPnts': np.int64(994), 'widthMs': np.float64(99.4)}, {'halfHeight': 50, 'risingPnt': np.int64(297479), 'fallingPnt': np.int64(298220), 'widthPnts': np.int64(741), 'widthMs': np.float64(74.1)}, {'halfHeight': 80, 'risingPnt': np.int64(297500), 'fallingPnt': np.int64(297954), 'widthPnts': np.int64(454), 'widthMs': np.float64(45.4)}, {'halfHeight': 90, 'risingPnt': np.int64(297511), 'fallingPnt': np.int64(297817), 'widthPnts': np.int64(306), 'widthMs': np.float64(30.6)}]",109.4,99.4,74.1,45.4,30.6,yes,,,,,,unknown,,,
14,20191009_0005.abf,0,1,0.0,,dvdt,10.0,-20.0,0,"[10, 20, 50, 80, 90]",20260928,19:53:35,,,0.2.8.post45,ceeda3d8b38d399aaf1761b27ed8696acdeb9705,True,,14,14,0,[],,330907,33.0907,-38.10337611607141,-0.21175462372446927,331018,33.101800000000004,12.477329799107137,50.58070591517855,11.100000000006105,331088,33.1088,10.375976562499995,329481,-48.56044224330354,329624,330194,57.0,-48.07826450892855,-46.16001674107141,21.631010022551997,,330930,-17.59556361607142,11.8781887755102,331105,10.872977120535708,-4.352180325255096,33462.0,3346.2,0.29884645269260657,33316.0,3331.6,142.6,"[{'halfHeight': 10, 'risingPnt': np.int64(330915), 'fallingPnt': np.int64(331976), 'widthPnts': np.int64(1061), 'widthMs': np.float64(106.1)}, {'halfHeight': 20, 'risingPnt': np.int64(330920), 'fallingPnt': np.int64(331898), 'widthPnts': np.int64(978), 'widthMs': np.float64(97.8)}, {'halfHeight': 50, 'risingPnt': np.int64(330935), 'fallingPnt': np.int64(331671), 'widthPnts': np.int64(736), 'widthMs': np.float64(73.6)}, {'halfHeight': 80, 'risingPnt': np.int64(330956), 'fallingPnt': np.int64(331428), 'widthPnts': np.int64(472), 'widthMs': np.float64(47.2)}, {'halfHeight': 90, 'risingPnt': np.int64(330968), 'fallingPnt': np.int64(331289), 'widthPnts': np.int64(321), 'widthMs': np.float64(32.1)}]",106.1,97.8,73.6,47.2,32.1,yes,,,,,,unknown,,,
15,20191009_0005.abf,0,1,0.0,,dvdt,10.0,-20.0,0,"[10, 20, 50, 80, 90]",20260928,19:53:35,,,0.2.8.post45,ceeda3d8b38d399aaf1761b27ed8696acdeb9705,True,,15,15,0,"[{'Spike': 15, 'Seconds': np.float64(34.5139), 'Sweep': 0, 'Epoch': 1, 'Type': 'Fit EDD', 'Details': 'Early diastolic duration rate fit - Too low -1.641<=8'}]",,345139,34.5139,-40.54478236607141,-1.5744579081632668,345240,34.524,15.511648995535706,56.05643136160712,10.10000000000133,345300,34.53,12.032645089285708,343324,-50.87280273437497,343506,344232,72.6,-50.08370535714283,-49.447195870535694,-1.6413432767647582,,345159,-24.16992187499999,15.602578922193867,345427,11.352539062499995,-5.777164381377547,14232.0,1423.2,0.7026419336706015,13843.0,1384.3,181.5,"[{'halfHeight': 10, 'risingPnt': np.int64(345149), 'fallingPnt': np.int64(346244), 'widthPnts': np.int64(1095), 'widthMs': np.float64(109.5)}, {'halfHeight': 20, 'risingPnt': np.int64(345155), 'fallingPnt': np.int64(346158), 'widthPnts': np.int64(1003), 'widthMs': np.float64(100.3)}, {'halfHeight': 50, 'risingPnt': np.int64(345171), 'fallingPnt': np.int64(345914), 'widthPnts': np.int64(743), 'widthMs': np.float64(74.3)}, {'halfHeight': 80, 'risingPnt': np.int64(345192), 'fallingPnt': np.int64(345631), 'widthPnts': np.int64(439), 'widthMs': np.float64(43.9)}, {'halfHeight': 90, 'risingPnt': np.int64(345201), 'fallingPnt': np.int64(345475), 'widthPnts': np.int64(274), 'widthMs': np.float64(27.4)}]",109.5,100.3,74.3,43.9,27.4,yes,,,,,,unknown,,,
16,20191009_0005.abf,0,1,0.0,,dvdt,10.0,-20.0,0,"[10, 20, 50, 80, 90]",20260928,19:53:35,,,0.2.8.post45,ceeda3d8b38d399aaf1761b27ed8696acdeb9705,True,,16,16,0,"[{'Spike': 16, 'Seconds': np.float64(36.2023), 'Sweep': 0, 'Epoch': 1, 'Type': 'Fit EDD', 'Details': 'Early diastolic duration rate fit - Too low 4.288<=8'}]",,362023,36.2023,-37.440708705357125,0.16691246811225027,362115,36.2115,14.892578124999993,52.33328683035712,9.199999999999875,362191,36.2191,12.276785714285708,359844,-48.45807756696426,360062,360934,87.2,-47.40687779017855,-47.127859933035694,4.287926544100289,,362035,-28.154645647321416,13.94591039540815,362139,13.820103236607137,-4.982461734693867,16884.0,1688.4,0.5922767116796968,16520.0,1652.0,217.9,"[{'halfHeight': 10, 'risingPnt': np.int64(362031), 'fallingPnt': np.int64(363140), 'widthPnts': np.int64(1109), 'widthMs': np.float64(110.9)}, {'halfHeight': 20, 'risingPnt': np.int64(362037), 'fallingPnt': np.int64(363071), 'widthPnts': np.int64(1034), 'widthMs': np.float64(103.4)}, {'halfHeight': 50, 'risingPnt': np.int64(362052), 'fallingPnt': np.int64(362816), 'widthPnts': np.int64(764), 'widthMs': np.float64(76.4)}, {'halfHeight': 80, 'risingPnt': np.int64(362072), 'fallingPnt': np.int64(362566), 'widthPnts': np.int64(494), 'widthMs': np.float64(49.4)}, {'halfHeight': 90, 'risingPnt': np.int64(362084), 'fallingPnt': np.int64(362423), 'widthPnts': np.int64(339), 'widthMs': np.float64(33.9)}]",110.9,103.4,76.4,49.4,33.9,yes,,,,,,unknown,,,
17,20191009_0005.abf,0,1,0.0,,dvdt,10.0,-20.0,0,"[10, 20, 50, 80, 90]",20260928,19:53:35,,,0.2.8.post45,ceeda3d8b38d399aaf1761b27ed8696acdeb9705,True,,17,17,0,[],,375261,37.5261,-38.949148995535694,1.1534398915816404,375375,37.5375,13.942173549107135,52.89132254464283,11.400000000001853,375450,37.545,11.866978236607137,373184,-50.523856026785694,373392,374222,83.0,-48.9065987723214,-47.816685267857125,18.171338382807154,,375297,-6.600516183035711,13.273278061224483,375388,13.000488281249995,-4.215162627551018,13238.0,1323.8,0.7554011179936547,13340.0,1334.0,207.7,"[{'halfHeight': 10, 'risingPnt': np.int64(375270), 'fallingPnt': np.int64(376334), 'widthPnts': np.int64(1064), 'widthMs': np.float64(106.4)}, {'halfHeight': 20, 'risingPnt': np.int64(375275), 'fallingPnt': np.int64(376260), 'widthPnts': np.int64(985), 'widthMs': np.float64(98.5)}, {'halfHeight': 50, 'risingPnt': np.int64(375291), 'fallingPnt': np.int64(376033), 'widthPnts': np.int64(742), 'widthMs': np.float64(74.2)}, {'halfHeight': 80, 'risingPnt': np.int64(375312), 'fallingPnt': np.int64(375774), 'widthPnts': np.int64(462), 'widthMs': np.float64(46.2)}, {'halfHeight': 90, 'risingPnt': np.int64(375324), 'fallingPnt': np.int64(375634), 'widthPnts': np.int64(310), 'widthMs': np.float64(31.0)}]",106.4,98.5,74.2,46.2,31.0,yes,,,,,,unknown,,,
18,20191009_0005.abf,0,1,0.0,,dvdt,10.0,-20.0,0,"[10, 20, 50, 80, 90]",20260928,19:53:35,,,0.2.8.post45,ceeda3d8b38d399aaf1761b27ed8696acdeb9705,True,,18,18,0,[],,379828,37.982800000000005,-39.315359933035694,0.5131935586734947,379925,37.9925,15.084402901785706,54.3997628348214,9.699999999995157,379998,37.9998,11.823381696428566,377806,-53.8736397879464,378008,378817,80.9,-52.61230468749998,-50.2493722098214,30.550158794425716,,379862,-7.829938616071425,13.310646524234679,380120,11.553083147321423,-5.8967434630102,4567.0,456.7,2.1896211955331726,4622.0,462.2,202.2,"[{'halfHeight': 10, 'risingPnt': np.int64(379838), 'fallingPnt': np.int64(381062), 'widthPnts': np.int64(1224), 'widthMs': np.float64(122.4)}, {'halfHeight': 20, 'risingPnt': np.int64(379844), 'fallingPnt': np.int64(380962), 'widthPnts': np.int64(1118), 'widthMs': np.float64(111.8)}, {'halfHeight': 50, 'risingPnt': np.int64(379859), 'fallingPnt': np.int64(380713), 'widthPnts': np.int64(854), 'widthMs': np.float64(85.4)}, {'halfHeight': 80, 'risingPnt': np.int64(379879), 'fallingPnt': np.int64(380418), 'widthPnts': np.int64(539), 'widthMs': np.float64(53.9)}, {'halfHeight': 90, 'risingPnt': np.int64(379888), 'fallingPnt': np.int64(380258), 'widthPnts': np.int64(370), 'widthMs': np.float64(37.0)}]",122.4,111.8,85.4,53.9,37.0,yes,,,,,,unknown,,,
19,20191009_0005.abf,0,1,0.0,,dvdt,10.0,-20.0,0,"[10, 20, 50, 80, 90]",20260928,19:53:35,,,0.2.8.post45,ceeda3d8b38d399aaf1761b27ed8696acdeb9705,True,,19,19,0,[],,388564,38.8564,-38.19056919642855,0.5879304846938587,388692,38.8692,13.52364676339285,51.7142159598214,12.79999999999859,388748,38.8748,11.840820312499995,386808,-51.22698102678568,386984,387686,70.2,-50.62430245535712,-48.68861607142855,19.978498613050053,,388589,-15.694754464285706,12.897102200255095,388783,11.500767299107137,-5.478216677295915,8736.0,873.6,1.1446886446886446,9002.0,900.2,175.6,"[{'halfHeight': 10, 'risingPnt': np.int64(388572), 'fallingPnt': np.int64(389675), 'widthPnts': np.int64(1103), 'widthMs': np.float64(110.3)}, {'halfHeight': 20, 'risingPnt': np.int64(388578), 'fallingPnt': np.int64(389603), 'widthPnts': np.int64(1025), 'widthMs': np.float64(102.5)}, {'halfHeight': 50, 'risingPnt': np.int64(388593), 'fallingPnt': np.int64(389365), 'widthPnts': np.int64(772), 'widthMs': np.float64(77.2)}, {'halfHeight': 80, 'risingPnt': np.int64(388613), 'fallingPnt': np.int64(389092), 'widthPnts': np.int64(479), 'widthMs': np.float64(47.9)}, {'halfHeight': 90, 'risingPnt': np.int64(388625), 'fallingPnt': np.int64(388949), 'widthPnts': np.int64(324), 'widthMs': np.float64(32.4)}]",110.3,102.5,77.2,47.9,32.4,yes,,,,,,unknown,,,
20,20191009_0005.abf,0,1,0.0,,dvdt,10.0,-20.0,0,"[10, 20, 50, 80, 90]",20260928,19:53:35,,,0.2.8.post45,ceeda3d8b38d399aaf1761b27ed8696acdeb9705,True,,20,20,0,[],,395975,39.5975,-38.60909598214284,0.3138950892857045,396079,39.6079,13.558523995535708,52.16761997767855,10.400000000004184,396140,39.614,10.576520647321423,394701,-52.24696568080354,394828,395338,51.0,-51.21721540178569,-49.11586216517855,56.64006345365012,,396000,-15.41573660714285,12.142259247448973,396248,10.437011718749995,-5.047233737244893,7411.0,741.1,1.3493455673998112,7893.0,789.3,127.4,"[{'halfHeight': 10, 'risingPnt': np.int64(395982), 'fallingPnt': np.int64(397115), 'widthPnts': np.int64(1133), 'widthMs': np.float64(113.3)}, {'halfHeight': 20, 'risingPnt': np.int64(395988), 'fallingPnt': np.int64(397032), 'widthPnts': np.int64(1044), 'widthMs': np.float64(104.4)}, {'halfHeight': 50, 'risingPnt': np.int64(396003), 'fallingPnt': np.int64(396795), 'widthPnts': np.int64(792), 'widthMs': np.float64(79.2)}, {'halfHeight': 80, 'risingPnt': np.int64(396024), 'fallingPnt': np.int64(396518), 'widthPnts': np.int64(494), 'widthMs': np.float64(49.4)}, {'halfHeight': 90, 'risingPnt': np.int64(396036), 'fallingPnt': np.int64(396394), 'widthPnts': np.int64(358), 'widthMs': np.float64(35.8)}]",113.3,104.4,79.2,49.4,35.8,yes,,,,,,unknown,,,
21,20191009_0005.abf,0,1,0.0,,dvdt,10.0,-20.0,0,"[10, 20, 50, 80, 90]",20260928,19:53:35,,,0.2.8.post45,ceeda3d8b38d399aaf1761b27ed8696acdeb9705,True,,21,21,0,[],,404143,40.414300000000004,-37.519182477678555,1.424984056122442,404242,40.4242,16.470772879464278,53.98995535714283,9.89999999999469,404318,40.4318,12.407575334821423,402688,-48.14139229910712,402834,403416,58.2,-47.27608816964283,-45.785086495535694,17.025198427428908,,404171,-10.166713169642852,14.668367346938759,404259,15.284946986607137,-4.304846938775501,8168.0,816.8,1.2242899118511263,7987.0,798.7,145.5,"[{'halfHeight': 10, 'risingPnt': np.int64(404151), 'fallingPnt': np.int64(405242), 'widthPnts': np.int64(1091), 'widthMs': np.float64(109.1)}, {'halfHeight': 20, 'risingPnt': np.int64(404157), 'fallingPnt': np.int64(405150), 'widthPnts': np.int64(993), 'widthMs': np.float64(99.3)}, {'halfHeight': 50, 'risingPnt': np.int64(404171), 'fallingPnt': np.int64(404931), 'widthPnts': np.int64(760), 'widthMs': np.float64(76.0)}, {'halfHeight': 80, 'risingPnt': np.int64(404191), 'fallingPnt': np.int64(404640), 'widthPnts': np.int64(449), 'widthMs': np.float64(44.9)}, {'halfHeight': 90, 'risingPnt': np.int64(404203), 'fallingPnt': np.int64(404438), 'widthPnts': np.int64(235), 'widthMs': np.float64(23.5)}]",109.1,99.3,76.0,44.9,23.5,yes,,,,,,unknown,,,
22,20191009_0005.abf,0,1,0.0,,dvdt,10.0,-20.0,0,"[10, 20, 50, 80, 90]",20260928,19:53:35,,,0.2.8.post45,ceeda3d8b38d399aaf1761b27ed8696acdeb9705,True,,22,22,0,[],,414595,41.4595,-38.922991071428555,1.0114397321428545,414680,41.468,21.283830915178562,60.20682198660712,8.500000000005059,414756,41.4756,14.491489955357135,412806,-51.78327287946425,412985,413700,71.5,-50.7376534598214,-49.01123046874998,20.18639879398629,,414620,-13.209751674107137,15.94138632015303,414790,12.468610491071422,-4.890286192602042,10452.0,1045.2,0.9567546880979716,10118.0,1011.8,178.9,"[{'halfHeight': 10, 'risingPnt': np.int64(414604), 'fallingPnt': np.int64(415662), 'widthPnts': np.int64(1058), 'widthMs': np.float64(105.8)}, {'halfHeight': 20, 'risingPnt': np.int64(414610), 'fallingPnt': np.int64(415591), 'widthPnts': np.int64(981), 'widthMs': np.float64(98.1)}, {'halfHeight': 50, 'risingPnt': np.int64(414624), 'fallingPnt': np.int64(415315), 'widthPnts': np.int64(691), 'widthMs': np.float64(69.1)}, {'halfHeight': 80, 'risingPnt': np.int64(414642), 'fallingPnt': np.int64(414964), 'widthPnts': np.int64(322), 'widthMs': np.float64(32.2)}, {'halfHeight': 90, 'risingPnt': np.int64(414651), 'fallingPnt': np.int64(414746), 'widthPnts': np.int64(95), 'widthMs': np.float64(9.5)}]",105.8,98.1,69.1,32.2,9.5,yes,,,,,,unknown,,,
23,20191009_0005.abf,0,1,0.0,,dvdt,10.0,-20.0,0,"[10, 20, 50, 80, 90]",20260928,19:53:35,,,0.2.8.post45,ceeda3d8b38d399aaf1761b27ed8696acdeb9705,True,,23,23,0,"[{'Spike': 23, 'Seconds': np.float64(42.3025), 'Sweep': 0, 'Epoch': 1, 'Type': 'Fit EDD', 'Details': 'Early diastolic duration rate fit - Too low 7.299<=8'}]",,423025,42.3025,-39.79492187499998,1.2505978954081722,423115,42.3115,20.089285714285705,59.88420758928568,9.000000000000341,423192,42.319199999999995,13.854980468749993,421473,-50.94447544642856,421628,422249,62.1,-49.61286272321426,-48.6624581473214,7.299423894568886,,423054,-14.221191406249993,14.875139508928557,423263,12.233189174107137,-5.485690369897947,8430.0,843.0,1.1862396204033214,8667.0,866.7,155.2,"[{'halfHeight': 10, 'risingPnt': np.int64(423037), 'fallingPnt': np.int64(424139), 'widthPnts': np.int64(1102), 'widthMs': np.float64(110.2)}, {'halfHeight': 20, 'risingPnt': np.int64(423043), 'fallingPnt': np.int64(424057), 'widthPnts': np.int64(1014), 'widthMs': np.float64(101.4)}, {'halfHeight': 50, 'risingPnt': np.int64(423058), 'fallingPnt': np.int64(423787), 'widthPnts': np.int64(729), 'widthMs': np.float64(72.9)}, {'halfHeight': 80, 'risingPnt': np.int64(423077), 'fallingPnt': np.int64(423426), 'widthPnts': np.int64(349), 'widthMs': np.float64(34.9)}, {'halfHeight': 90, 'risingPnt': np.int64(423088), 'fallingPnt': np.int64(423183), 'widthPnts': np.int64(95), 'widthMs': np.float64(9.5)}]",110.2,101.4,72.9,34.9,9.5,yes,,,,,,unknown,,,
24,20191009_0005.abf,0,1,0.0,,dvdt,10.0,-20.0,0,"[10, 20, 50, 80, 90]",20260928,19:53:35,,,0.2.8.post45,ceeda3d8b38d399aaf1761b27ed8696acdeb9705,True,,24,24,0,[],,439526,43.9526,-40.413992745535694,0.16691246811225657,439617,43.9617,22.27783203124999,62.69182477678568,9.10000000000366,439683,43.968300000000006,15.433175223214278,437660,-52.40844726562497,437847,438593,74.6,-50.71149553571426,-48.36600167410712,29.88447455342272,,439552,-14.177594866071422,15.116788903061211,439653,18.38902064732142,-5.221619897959176,16501.0,1650.1,0.6060238773407672,16187.0,1618.7,186.6,"[{'halfHeight': 10, 'risingPnt': np.int64(439535), 'fallingPnt': np.int64(440635), 'widthPnts': np.int64(1100), 'widthMs': np.float64(110.0)}, {'halfHeight': 20, 'risingPnt': np.int64(439541), 'fallingPnt': np.int64(440533), 'widthPnts': np.int64(992), 'widthMs': np.float64(99.2)}, {'halfHeight': 50, 'risingPnt': np.int64(439556), 'fallingPnt': np.int64(440269), 'widthPnts': np.int64(713), 'widthMs': np.float64(71.3)}, {'halfHeight': 80, 'risingPnt': np.int64(439576), 'fallingPnt': np.int64(439912), 'widthPnts': np.int64(336), 'widthMs': np.float64(33.6)}, {'halfHeight': 90, 'risingPnt': np.int64(439586), 'fallingPnt': np.int64(439678), 'widthPnts': np.int64(92), 'widthMs': np.float64(9.2)}]",110.0,99.2,71.3,33.6,9.2,yes,,,,,,unknown,,,
25,20191009_0005.abf,0,1,0.0,,dvdt,10.0,-20.0,0,"[10, 20, 50, 80, 90]",20260928,19:53:35,,,0.2.8.post45,ceeda3d8b38d399aaf1761b27ed8696acdeb9705,True,,25,25,0,"[{'Spike': 25, 'Seconds': np.float64(44.6659), 'Sweep': 0, 'Epoch': 1, 'Type': 'Fast AHP was detected at end of fast AHP window', 'Details': 'Consider increasing the fast AHP window with fastAhpWindow_ms'}]",,446659,44.6659,-38.31263950892855,-1.412527901785693,446755,44.6755,18.824986049107135,57.13762555803568,9.599999999998943,446834,44.6834,13.54108537946428,444638,-52.45169503348213,444840,445648,80.8,-51.6531808035714,-49.18561662946426,27.87964116763461,,446673,-25.381905691964274,13.943419164540797,446796,15.302385602678564,-5.734813456632649,7133.0,713.3,1.4019346698443853,6978.0,697.8,202.1,"[{'halfHeight': 10, 'risingPnt': np.int64(446667), 'fallingPnt': np.int64(447792), 'widthPnts': np.int64(1125), 'widthMs': np.float64(112.5)}, {'halfHeight': 20, 'risingPnt': np.int64(446673), 'fallingPnt': np.int64(447712), 'widthPnts': np.int64(1039), 'widthMs': np.float64(103.9)}, {'halfHeight': 50, 'risingPnt': np.int64(446688), 'fallingPnt': np.int64(447464), 'widthPnts': np.int64(776), 'widthMs': np.float64(77.6)}, {'halfHeight': 80, 'risingPnt': np.int64(446709), 'fallingPnt': np.int64(447124), 'widthPnts': np.int64(415), 'widthMs': np.float64(41.5)}, {'halfHeight': 90, 'risingPnt': np.int64(446720), 'fallingPnt': np.int64(446860), 'widthPnts': np.int64(140), 'widthMs': np.float64(14.0)}]",112.5,103.9,77.6,41.5,14.0,yes,,,,,,unknown,,,
26,20191009_0005.abf,0,1,0.0,,dvdt,10.0,-20.0,0,"[10, 20, 50, 80, 90]",20260928,19:53:35,,,0.2.8.post45,ceeda3d8b38d399aaf1761b27ed8696acdeb9705,True,,26,26,0,[],,460201,46.0201,-38.295200892857125,0.7249481823979641,460286,46.0286,17.264229910714278,55.5594308035714,8.499999999997954,460363,46.036300000000004,12.590680803571423,459010,-51.502685546874964,459129,459606,47.7,-50.606863839285694,-49.20305524553569,33.25531192076964,,460231,-7.611955915178568,15.052016900510193,460390,11.95417131696428,-5.408462213010199,13542.0,1354.2,0.738443361394181,14372.0,1437.2,119.1,"[{'halfHeight': 10, 'risingPnt': np.int64(460209), 'fallingPnt': np.int64(461270), 'widthPnts': np.int64(1061), 'widthMs': np.float64(106.1)}, {'halfHeight': 20, 'risingPnt': np.int64(460214), 'fallingPnt': np.int64(461200), 'widthPnts': np.int64(986), 'widthMs': np.float64(98.6)}, {'halfHeight': 50, 'risingPnt': np.int64(460230), 'fallingPnt': np.int64(460947), 'widthPnts': np.int64(717), 'widthMs': np.float64(71.7)}, {'halfHeight': 80, 'risingPnt': np.int64(460248), 'fallingPnt': np.int64(460628), 'widthPnts': np.int64(380), 'widthMs': np.float64(38.0)}, {'halfHeight': 90, 'risingPnt': np.int64(460259), 'fallingPnt': np.int64(460403), 'widthPnts': np.int64(144), 'widthMs': np.float64(14.4)}]",106.1,98.6,71.7,38.0,14.4,yes,,,,,,unknown,,,
27,20191009_0005.abf,0,1,0.0,,dvdt,10.0,-20.0,0,"[10, 20, 50, 80, 90]",20260928,19:53:35,,,0.2.8.post45,ceeda3d8b38d399aaf1761b27ed8696acdeb9705,True,,27,27,0,[],,470685,47.0685,-39.41999162946427,-0.2316844706632617,470773,47.0773,20.34214564732142,59.762137276785694,8.800000000000807,470848,47.0848,14.413016183035708,468638,-51.32393973214283,468843,469662,81.9,-50.40631975446426,-48.08698381696426,31.90621179609457,,470717,-9.89641462053571,14.999701052295901,470792,18.493652343749993,-5.787129304846924,10484.0,1048.4,0.9538344143456696,9628.0,962.8,204.7,"[{'halfHeight': 10, 'risingPnt': np.int64(470697), 'fallingPnt': np.int64(471804), 'widthPnts': np.int64(1107), 'widthMs': np.float64(110.7)}, {'halfHeight': 20, 'risingPnt': np.int64(470703), 'fallingPnt': np.int64(471724), 'widthPnts': np.int64(1021), 'widthMs': np.float64(102.1)}, {'halfHeight': 50, 'risingPnt': np.int64(470718), 'fallingPnt': np.int64(471461), 'widthPnts': np.int64(743), 'widthMs': np.float64(74.3)}, {'halfHeight': 80, 'risingPnt': np.int64(470737), 'fallingPnt': np.int64(471093), 'widthPnts': np.int64(356), 'widthMs': np.float64(35.6)}, {'halfHeight': 90, 'risingPnt': np.int64(470747), 'fallingPnt': np.int64(470854), 'widthPnts': np.int64(107), 'widthMs': np.float64(10.7)}]",110.7,102.1,74.3,35.6,10.7,yes,,,,,,unknown,,,
28,20191009_0005.abf,0,1,0.0,,dvdt,10.0,-20.0,0,"[10, 20, 50, 80, 90]",20260928,19:53:35,,,0.2.8.post45,ceeda3d8b38d399aaf1761b27ed8696acdeb9705,True,,28,28,0,[],,487501,48.750099999999996,-39.925711495535694,-0.29645647321427754,487582,48.758199999999995,21.36230468749999,61.28801618303568,8.099999999998886,487657,48.765699999999995,14.50020926339285,485847,-52.742047991071416,486012,486674,66.2,-51.84500558035712,-48.74965122767855,42.42904582135128,,487531,-9.974888392857139,17.483458227040806,487693,13.017926897321423,-5.039760044642849,16816.0,1681.6,0.5946717411988582,17209.0,1720.9,165.4,"[{'halfHeight': 10, 'risingPnt': np.int64(487513), 'fallingPnt': np.int64(488610), 'widthPnts': np.int64(1097), 'widthMs': np.float64(109.7)}, {'halfHeight': 20, 'risingPnt': np.int64(487518), 'fallingPnt': np.int64(488510), 'widthPnts': np.int64(992), 'widthMs': np.float64(99.2)}, {'halfHeight': 50, 'risingPnt': np.int64(487532), 'fallingPnt': np.int64(488242), 'widthPnts': np.int64(710), 'widthMs': np.float64(71.0)}, {'halfHeight': 80, 'risingPnt': np.int64(487549), 'fallingPnt': np.int64(487895), 'widthPnts': np.int64(346), 'widthMs': np.float64(34.6)}, {'halfHeight': 90, 'risingPnt': np.int64(487559), 'fallingPnt': np.int64(487655), 'widthPnts': np.int64(96), 'widthMs': np.float64(9.6)}]",109.7,99.2,71.0,34.6,9.6,yes,,,,,,unknown,,,
29,20191009_0005.abf,0,1,0.0,,dvdt,10.0,-20.0,0,"[10, 20, 50, 80, 90]",20260928,19:53:35,,,0.2.8.post45,ceeda3d8b38d399aaf1761b27ed8696acdeb9705,True,,29,29,0,"[{'Spike': 29, 'Seconds': np.float64(50.7757), 'Sweep': 0, 'Epoch': 1, 'Type': 'Fast AHP was detected at end of fast AHP window', 'Details': 'Consider increasing the fast AHP window with fastAhpWindow_ms'}]",,507757,50.7757,-39.472307477678555,0.052315848214280446,507840,50.784,21.004813058035705,60.47712053571426,8.29999999999842,507919,50.7919,14.325823102678564,506330,-53.08122907366069,506473,507044,57.1,-52.33328683035712,-49.67389787946426,34.872983227599846,,507783,-10.26262555803571,16.733597735969376,507894,15.956333705357135,-5.08709343112245,20256.0,2025.6,0.4936808846761454,20483.0,2048.3,142.7,"[{'halfHeight': 10, 'risingPnt': np.int64(507765), 'fallingPnt': np.int64(508858), 'widthPnts': np.int64(1093), 'widthMs': np.float64(109.3)}, {'halfHeight': 20, 'risingPnt': np.int64(507770), 'fallingPnt': np.int64(508764), 'widthPnts': np.int64(994), 'widthMs': np.float64(99.4)}, {'halfHeight': 50, 'risingPnt': np.int64(507784), 'fallingPnt': np.int64(508473), 'widthPnts': np.int64(689), 'widthMs': np.float64(68.9)}, {'halfHeight': 80, 'risingPnt': np.int64(507802), 'fallingPnt': np.int64(508089), 'widthPnts': np.int64(287), 'widthMs': np.float64(28.7)}, {'halfHeight': 90, 'risingPnt': np.int64(507812), 'fallingPnt': np.int64(507910), 'widthPnts': np.int64(98), 'widthMs': np.float64(9.8)}]",109.3,99.4,68.9,28.7,9.8,yes,,,,,,unknown,,,
30,20191009_0005.abf,0,1,0.0,,dvdt,10.0,-20.0,0,"[10, 20, 50, 80, 90]",20260928,19:53:35,,,0.2.8.post45,ceeda3d8b38d399aaf1761b27ed8696acdeb9705,True,,30,30,0,[],,551967,55.1967,-39.010184151785694,-1.1409837372448703,552048,55.204800000000006,19.679478236607135,58.68966238839283,8.100000000005991,552124,55.2124,14.25606863839285,549974,-51.09566824776783,550173,550970,79.7,-50.057547433035694,-48.77580915178569,26.935130612523515,,551979,-28.991699218749986,14.872648278061206,552081,17.159598214285705,-4.867865114795903,44210.0,4421.0,0.2261931689662972,43644.0,4364.4,199.3,"[{'halfHeight': 10, 'risingPnt': np.int64(551976), 'fallingPnt': np.int64(553082), 'widthPnts': np.int64(1106), 'widthMs': np.float64(110.6)}, {'halfHeight': 20, 'risingPnt': np.int64(551981), 'fallingPnt': np.int64(552987), 'widthPnts': np.int64(1006), 'widthMs': np.float64(100.6)}, {'halfHeight': 50, 'risingPnt': np.int64(551996), 'fallingPnt': np.int64(552754), 'widthPnts': np.int64(758), 'widthMs': np.float64(75.8)}, {'halfHeight': 80, 'risingPnt': np.int64(552016), 'fallingPnt': np.int64(552399), 'widthPnts': np.int64(383), 'widthMs': np.float64(38.3)}, {'halfHeight': 90, 'risingPnt': np.int64(552026), 'fallingPnt': np.int64(552147), 'widthPnts': np.int64(121), 'widthMs': np.float64(12.1)}]",110.6,100.6,75.8,38.3,12.1,yes,,,,,,unknown,,,
31,20191009_0005.abf,0,1,0.0,,dvdt,10.0,-20.0,0,"[10, 20, 50, 80, 90]",20260928,19:53:35,,,0.2.8.post45,ceeda3d8b38d399aaf1761b27ed8696acdeb9705,True,,31,31,0,[],,565742,56.5742,-39.088657924107125,-0.4284917091836921,565823,56.582300000000004,19.208635602678562,58.29729352678569,8.100000000005991,565901,56.5901,12.878417968749993,564513,-52.365548270089256,564636,565127,49.1,-51.2259347098214,-49.586704799107125,42.46117802381256,,565759,-21.841866629464274,15.233876753826527,565891,13.227190290178566,-4.997409119897948,13775.0,1377.5,0.7259528130671506,14539.0,1453.9,122.9,"[{'halfHeight': 10, 'risingPnt': np.int64(565750), 'fallingPnt': np.int64(566790), 'widthPnts': np.int64(1040), 'widthMs': np.float64(104.0)}, {'halfHeight': 20, 'risingPnt': np.int64(565755), 'fallingPnt': np.int64(566714), 'widthPnts': np.int64(959), 'widthMs': np.float64(95.9)}, {'halfHeight': 50, 'risingPnt': np.int64(565769), 'fallingPnt': np.int64(566445), 'widthPnts': np.int64(676), 'widthMs': np.float64(67.6)}, {'halfHeight': 80, 'risingPnt': np.int64(565787), 'fallingPnt': np.int64(566099), 'widthPnts': np.int64(312), 'widthMs': np.float64(31.2)}, {'halfHeight': 90, 'risingPnt': np.int64(565797), 'fallingPnt': np.int64(565891), 'widthPnts': np.int64(94), 'widthMs': np.float64(9.4)}]",104.0,95.9,67.6,31.2,9.4,yes,,,,,,unknown,,,
32,20191009_0005.abf,0,1,0.0,,dvdt,10.0,-20.0,0,"[10, 20, 50, 80, 90]",20260928,19:53:35,,,0.2.8.post45,ceeda3d8b38d399aaf1761b27ed8696acdeb9705,True,,32,32,0,[],,657018,65.7018,-39.228166852678555,1.634247448979599,657101,65.71010000000001,22.617885044642847,61.8460518973214,8.300000000005525,657179,65.7179,13.985770089285708,655298,-51.938650948660694,655470,656158,68.8,-51.67933872767855,-50.45863560267855,11.660955103062303,,657043,-10.236467633928568,16.83573820153059,657247,12.207031249999995,-4.384566326530606,91276.0,9127.6,0.10955782461983433,90785.0,9078.5,172.0,"[{'halfHeight': 10, 'risingPnt': np.int64(657026), 'fallingPnt': np.int64(658093), 'widthPnts': np.int64(1067), 'widthMs': np.float64(106.7)}, {'halfHeight': 20, 'risingPnt': np.int64(657031), 'fallingPnt': np.int64(658025), 'widthPnts': np.int64(994), 'widthMs': np.float64(99.4)}, {'halfHeight': 50, 'risingPnt': np.int64(657045), 'fallingPnt': np.int64(657743), 'widthPnts': np.int64(698), 'widthMs': np.float64(69.8)}, {'halfHeight': 80, 'risingPnt': np.int64(657062), 'fallingPnt': np.int64(657321), 'widthPnts': np.int64(259), 'widthMs': np.float64(25.9)}, {'halfHeight': 90, 'risingPnt': np.int64(657072), 'fallingPnt': np.int64(657145), 'widthPnts': np.int64(73), 'widthMs': np.float64(7.3)}]",106.7,99.4,69.8,25.9,7.3,yes,,,,,,unknown,,,
33,20191009_0005.abf,0,1,0.0,,dvdt,10.0,-20.0,0,"[10, 20, 50, 80, 90]",20260928,19:53:35,,,0.2.8.post45,ceeda3d8b38d399aaf1761b27ed8696acdeb9705,True,,33,33,0,[],,663423,66.34230000000001,-39.76876395089284,-0.5256497130101958,663509,66.3509,21.336146763392847,61.10491071428569,8.599999999987062,663587,66.3587,14.630998883928564,661583,-53.413783482142826,661767,662503,73.6,-53.00467354910712,-50.21449497767855,27.91100078265988,,663458,-2.2495814732142847,14.62103396045917,663614,13.244628906249995,-4.955058195153055,6405.0,640.5,1.5612802498048401,6285.0,628.5,184.0,"[{'halfHeight': 10, 'risingPnt': np.int64(663433), 'fallingPnt': np.int64(664536), 'widthPnts': np.int64(1103), 'widthMs': np.float64(110.3)}, {'halfHeight': 20, 'risingPnt': np.int64(663439), 'fallingPnt': np.int64(664431), 'widthPnts': np.int64(992), 'widthMs': np.float64(99.2)}, {'halfHeight': 50, 'risingPnt': np.int64(663453), 'fallingPnt': np.int64(664174), 'widthPnts': np.int64(721), 'widthMs': np.float64(72.1)}, {'halfHeight': 80, 'risingPnt': np.int64(663470), 'fallingPnt': np.int64(663790), 'widthPnts': np.int64(320), 'widthMs': np.float64(32.0)}, {'halfHeight': 90, 'risingPnt': np.int64(663479), 'fallingPnt': np.int64(663575), 'widthPnts': np.int64(96), 'widthMs': np.float64(9.6)}]",110.3,99.2,72.1,32.0,9.6,yes,,,,,,unknown,,,
34,20191009_0005.abf,0,1,0.0,,dvdt,10.0,-20.0,0,"[10, 20, 50, 80, 90]",20260928,19:53:35,,,0.2.8.post45,ceeda3d8b38d399aaf1761b27ed8696acdeb9705,True,,34,34,0,[],,702930,70.293,-39.489746093749986,0.6352638711734455,703010,70.301,26.10560825892856,65.59535435267854,7.999999999995566,703087,70.3087,15.694754464285706,701469,-52.70629882812497,701615,702199,58.4,-52.53383091517855,-49.2117745535714,40.174749665389356,,702953,-12.895856584821423,17.241808832908156,703071,17.072405133928566,-4.89028619260202,39507.0,3950.7,0.25311970030627484,39886.0,3988.6,146.1,"[{'halfHeight': 10, 'risingPnt': np.int64(702939), 'fallingPnt': np.int64(703944), 'widthPnts': np.int64(1005), 'widthMs': np.float64(100.5)}, {'halfHeight': 20, 'risingPnt': np.int64(702944), 'fallingPnt': np.int64(703863), 'widthPnts': np.int64(919), 'widthMs': np.float64(91.9)}, {'halfHeight': 50, 'risingPnt': np.int64(702958), 'fallingPnt': np.int64(703578), 'widthPnts': np.int64(620), 'widthMs': np.float64(62.0)}, {'halfHeight': 80, 'risingPnt': np.int64(702974), 'fallingPnt': np.int64(703139), 'widthPnts': np.int64(165), 'widthMs': np.float64(16.5)}, {'halfHeight': 90, 'risingPnt': np.int64(702984), 'fallingPnt': np.int64(703056), 'widthPnts': np.int64(72), 'widthMs': np.float64(7.2)}]",100.5,91.9,62.0,16.5,7.2,yes,,,,,,unknown,,,
35,20191009_0005.abf,0,1,0.0,,dvdt,10.0,-20.0,0,"[10, 20, 50, 80, 90]",20260928,19:53:35,,,0.2.8.post45,ceeda3d8b38d399aaf1761b27ed8696acdeb9705,True,,35,35,0,[],,713116,71.31160000000001,-37.667410714285694,1.818598533163267,713193,71.3193,25.7655552455357,63.432965959821395,7.699999999985607,713269,71.3269,15.337262834821422,711142,-52.751639229910694,711339,712129,79.0,-51.70549665178569,-48.653738839285694,35.48564907622027,,713137,-9.922572544642852,18.44009088010202,713228,20.560128348214278,-4.710917570153058,10186.0,1018.6,0.9817396426467702,9673.0,967.3,197.4,"[{'halfHeight': 10, 'risingPnt': np.int64(713123), 'fallingPnt': np.int64(714150), 'widthPnts': np.int64(1027), 'widthMs': np.float64(102.7)}, {'halfHeight': 20, 'risingPnt': np.int64(713127), 'fallingPnt': np.int64(714063), 'widthPnts': np.int64(936), 'widthMs': np.float64(93.6)}, {'halfHeight': 50, 'risingPnt': np.int64(713140), 'fallingPnt': np.int64(713774), 'widthPnts': np.int64(634), 'widthMs': np.float64(63.4)}, {'halfHeight': 80, 'risingPnt': np.int64(713157), 'fallingPnt': np.int64(713334), 'widthPnts': np.int64(177), 'widthMs': np.float64(17.7)}, {'halfHeight': 90, 'risingPnt': np.int64(713166), 'fallingPnt': np.int64(713237), 'widthPnts': np.int64(71), 'widthMs': np.float64(7.1)}]",102.7,93.6,63.4,17.7,7.1,yes,,,,,,unknown,,,
36,20191009_0005.abf,0,1,0.0,,dvdt,10.0,-20.0,0,"[10, 20, 50, 80, 90]",20260928,19:53:35,,,0.2.8.post45,ceeda3d8b38d399aaf1761b27ed8696acdeb9705,True,,36,36,0,[],,719064,71.90639999999999,-38.67885044642855,0.5729830994898054,719153,71.9153,26.602608816964274,65.28145926339282,8.900000000011232,719229,71.9229,16.156877790178566,716675,-52.94485909598212,716914,717869,95.5,-51.88860212053569,-48.77580915178569,22.52050904154182,,719089,-13.227190290178566,16.60903619260202,719173,22.91434151785713,-4.967514349489793,5948.0,594.8,1.6812373907195697,5533.0,553.3,238.9,"[{'halfHeight': 10, 'risingPnt': np.int64(719075), 'fallingPnt': np.int64(720134), 'widthPnts': np.int64(1059), 'widthMs': np.float64(105.9)}, {'halfHeight': 20, 'risingPnt': np.int64(719081), 'fallingPnt': np.int64(720059), 'widthPnts': np.int64(978), 'widthMs': np.float64(97.8)}, {'halfHeight': 50, 'risingPnt': np.int64(719095), 'fallingPnt': np.int64(719782), 'widthPnts': np.int64(687), 'widthMs': np.float64(68.7)}, {'halfHeight': 80, 'risingPnt': np.int64(719112), 'fallingPnt': np.int64(719346), 'widthPnts': np.int64(234), 'widthMs': np.float64(23.4)}, {'halfHeight': 90, 'risingPnt': np.int64(719121), 'fallingPnt': np.int64(719193), 'widthPnts': np.int64(72), 'widthMs': np.float64(7.2)}]",105.9,97.8,68.7,23.4,7.2,yes,,,,,,unknown,,,
37,20191009_0005.abf,0,1,0.0,,dvdt,10.0,-20.0,0,"[10, 20, 50, 80, 90]",20260928,19:53:35,,,0.2.8.post45,ceeda3d8b38d399aaf1761b27ed8696acdeb9705,True,,37,37,0,"[{'Spike': 37, 'Seconds': np.float64(72.9202), 'Sweep': 0, 'Epoch': 1, 'Type': 'Fast AHP was detected at end of fast AHP window', 'Details': 'Consider increasing the fast AHP window with fastAhpWindow_ms'}]",,729202,72.9202,-39.498465401785694,0.9292291135204023,729281,72.9281,28.18080357142856,67.67926897321425,7.900000000006457,729360,72.936,16.14815848214285,727157,-51.40764508928569,727361,728179,81.8,-50.43247767857141,-49.60414341517855,8.046304193302394,,729226,-17.691476004464278,18.198441485969376,729359,16.488211495535708,-5.7198660714285685,10138.0,1013.8,0.9863878477017163,10482.0,1048.2,204.5,"[{'halfHeight': 10, 'risingPnt': np.int64(729216), 'fallingPnt': np.int64(730220), 'widthPnts': np.int64(1004), 'widthMs': np.float64(100.4)}, {'halfHeight': 20, 'risingPnt': np.int64(729221), 'fallingPnt': np.int64(730120), 'widthPnts': np.int64(899), 'widthMs': np.float64(89.9)}, {'halfHeight': 50, 'risingPnt': np.int64(729235), 'fallingPnt': np.int64(729818), 'widthPnts': np.int64(583), 'widthMs': np.float64(58.3)}, {'halfHeight': 80, 'risingPnt': np.int64(729251), 'fallingPnt': np.int64(729382), 'widthPnts': np.int64(131), 'widthMs': np.float64(13.1)}, {'halfHeight': 90, 'risingPnt': np.int64(729259), 'fallingPnt': np.int64(729323), 'widthPnts': np.int64(64), 'widthMs': np.float64(6.4)}]",100.4,89.9,58.3,13.1,6.4,yes,,,,,,unknown,,,
38,20191009_0005.abf,0,1,0.0,,dvdt,10.0,-20.0,0,"[10, 20, 50, 80, 90]",20260928,19:53:35,,,0.2.8.post45,ceeda3d8b38d399aaf1761b27ed8696acdeb9705,True,,38,38,0,"[{'Spike': 38, 'Seconds': np.float64(73.6853), 'Sweep': 0, 'Epoch': 1, 'Type': 'Fast AHP was detected at end of fast AHP window', 'Details': 'Consider increasing the fast AHP window with fastAhpWindow_ms'}]",,736853,73.6853,-37.95514787946426,-0.9616151147959384,736922,73.6922,27.491978236607128,65.44712611607139,6.900000000001683,737001,73.7001,16.531808035714278,735943,-52.342878069196416,736034,736398,36.4,-51.12130301339283,-47.97363281249998,89.5067148344021,,736872,-15.154157366071422,18.086336096938766,736965,21.336146763392847,-5.680006377551013,7651.0,765.1,1.3070186903672723,8786.0,878.6,91.0,"[{'halfHeight': 10, 'risingPnt': np.int64(736861), 'fallingPnt': np.int64(737883), 'widthPnts': np.int64(1022), 'widthMs': np.float64(102.2)}, {'halfHeight': 20, 'risingPnt': np.int64(736866), 'fallingPnt': np.int64(737782), 'widthPnts': np.int64(916), 'widthMs': np.float64(91.6)}, {'halfHeight': 50, 'risingPnt': np.int64(736879), 'fallingPnt': np.int64(737485), 'widthPnts': np.int64(606), 'widthMs': np.float64(60.6)}, {'halfHeight': 80, 'risingPnt': np.int64(736895), 'fallingPnt': np.int64(737049), 'widthPnts': np.int64(154), 'widthMs': np.float64(15.4)}, {'halfHeight': 90, 'risingPnt': np.int64(736903), 'fallingPnt': np.int64(736966), 'widthPnts': np.int64(63), 'widthMs': np.float64(6.3)}]",102.2,91.6,60.6,15.4,6.3,yes,,,,,,unknown,,,
39,20191009_0005.abf,0,1,0.0,,dvdt,10.0,-20.0,0,"[10, 20, 50, 80, 90]",20260928,19:53:35,,,0.2.8.post45,ceeda3d8b38d399aaf1761b27ed8696acdeb9705,True,,39,39,0,[],,770634,77.06339999999999,-40.64069475446426,0.24663185586733521,770712,77.07119999999999,24.3617466517857,65.00244140624997,7.800000000003138,770790,77.079,14.80538504464285,769333,-52.604108537946395,769463,769983,52.0,-52.21121651785712,-49.97035435267855,35.613707826480464,,770660,-9.251185825892852,17.38380899234693,770754,18.964494977678562,-4.910216039540797,33781.0,3378.1,0.2960243924099346,33390.0,3339.0,130.1,"[{'halfHeight': 10, 'risingPnt': np.int64(770642), 'fallingPnt': np.int64(771682), 'widthPnts': np.int64(1040), 'widthMs': np.float64(104.0)}, {'halfHeight': 20, 'risingPnt': np.int64(770647), 'fallingPnt': np.int64(771587), 'widthPnts': np.int64(940), 'widthMs': np.float64(94.0)}, {'halfHeight': 50, 'risingPnt': np.int64(770661), 'fallingPnt': np.int64(771303), 'widthPnts': np.int64(642), 'widthMs': np.float64(64.2)}, {'halfHeight': 80, 'risingPnt': np.int64(770678), 'fallingPnt': np.int64(770940), 'widthPnts': np.int64(262), 'widthMs': np.float64(26.2)}, {'halfHeight': 90, 'risingPnt': np.int64(770688), 'fallingPnt': np.int64(770764), 'widthPnts': np.int64(76), 'widthMs': np.float64(7.6)}]",104.0,94.0,64.2,26.2,7.6,yes,,,,,,unknown,,,
40,20191009_0005.abf,0,1,0.0,,dvdt,10.0,-20.0,0,"[10, 20, 50, 80, 90]",20260928,19:53:35,,,0.2.8.post45,ceeda3d8b38d399aaf1761b27ed8696acdeb9705,True,,40,40,0,[],,784394,78.43939999999999,-40.48374720982141,0.6726323341836603,784487,78.4487,14.657156808035706,55.14090401785712,9.3000000000103,784561,78.4561,11.727469308035708,782342,-53.581368582589256,782547,783368,82.1,-51.75781249999998,-51.26081194196426,11.59146157277166,,784410,-24.19607979910713,13.893594547193874,784569,12.01520647321428,-5.4059709821428505,13760.0,1376.0,0.7267441860465117,13009.0,1300.9,205.2,"[{'halfHeight': 10, 'risingPnt': np.int64(784401), 'fallingPnt': np.int64(785467), 'widthPnts': np.int64(1066), 'widthMs': np.float64(106.6)}, {'halfHeight': 20, 'risingPnt': np.int64(784406), 'fallingPnt': np.int64(785390), 'widthPnts': np.int64(984), 'widthMs': np.float64(98.4)}, {'halfHeight': 50, 'risingPnt': np.int64(784420), 'fallingPnt': np.int64(785153), 'widthPnts': np.int64(733), 'widthMs': np.float64(73.3)}, {'halfHeight': 80, 'risingPnt': np.int64(784439), 'fallingPnt': np.int64(784867), 'widthPnts': np.int64(428), 'widthMs': np.float64(42.8)}, {'halfHeight': 90, 'risingPnt': np.int64(784449), 'fallingPnt': np.int64(784713), 'widthPnts': np.int64(264), 'widthMs': np.float64(26.4)}]",106.6,98.4,73.3,42.8,26.4,yes,,,,,,unknown,,,
41,20191009_0005.abf,0,1,0.0,,dvdt,10.0,-20.0,0,"[10, 20, 50, 80, 90]",20260928,19:53:35,,,0.2.8.post45,ceeda3d8b38d399aaf1761b27ed8696acdeb9705,True,,41,41,0,[],,806832,80.6832,-40.919712611607125,0.44343909438773976,806963,80.69630000000001,12.547084263392852,53.46679687499998,13.10000000000855,807026,80.7026,11.369977678571423,804692,-52.66165597098212,804906,805762,85.6,-51.60086495535712,-48.57526506696426,26.64352758338659,,806856,-18.362862723214278,14.690788424744884,807085,10.81194196428571,-4.974988042091831,22438.0,2243.8,0.44567251983242706,22350.0,2235.0,214.0,"[{'halfHeight': 10, 'risingPnt': np.int64(806840), 'fallingPnt': np.int64(807927), 'widthPnts': np.int64(1087), 'widthMs': np.float64(108.7)}, {'halfHeight': 20, 'risingPnt': np.int64(806846), 'fallingPnt': np.int64(807844), 'widthPnts': np.int64(998), 'widthMs': np.float64(99.8)}, {'halfHeight': 50, 'risingPnt': np.int64(806861), 'fallingPnt': np.int64(807620), 'widthPnts': np.int64(759), 'widthMs': np.float64(75.9)}, {'halfHeight': 80, 'risingPnt': np.int64(806881), 'fallingPnt': np.int64(807371), 'widthPnts': np.int64(490), 'widthMs': np.float64(49.0)}, {'halfHeight': 90, 'risingPnt': np.int64(806894), 'fallingPnt': np.int64(807250), 'widthPnts': np.int64(356), 'widthMs': np.float64(35.6)}]",108.7,99.8,75.9,49.0,35.6,yes,,,,,,unknown,,,
42,20191009_0005.abf,0,1,0.0,,dvdt,10.0,-20.0,0,"[10, 20, 50, 80, 90]",20260928,19:53:35,,,0.2.8.post45,ceeda3d8b38d399aaf1761b27ed8696acdeb9705,True,,42,42,0,[],,814361,81.43610000000001,-39.899553571428555,1.2680365114795868,814542,81.4542,13.837541852678564,53.73709542410712,18.09999999998979,814608,81.4608,11.247907366071423,812624,-52.24487304687497,812798,813492,69.4,-51.53982979910712,-50.2493722098214,9.744406459241674,,814373,-27.849469866071416,13.061523437499984,814608,11.247907366071423,-5.268953284438763,7529.0,752.9,1.3281976358082082,7932.0,793.2,173.7,"[{'halfHeight': 10, 'risingPnt': np.int64(814367), 'fallingPnt': np.int64(815502), 'widthPnts': np.int64(1135), 'widthMs': np.float64(113.5)}, {'halfHeight': 20, 'risingPnt': np.int64(814372), 'fallingPnt': np.int64(815409), 'widthPnts': np.int64(1037), 'widthMs': np.float64(103.7)}, {'halfHeight': 50, 'risingPnt': np.int64(814388), 'fallingPnt': np.int64(815186), 'widthPnts': np.int64(798), 'widthMs': np.float64(79.8)}, {'halfHeight': 80, 'risingPnt': np.int64(814407), 'fallingPnt': np.int64(814920), 'widthPnts': np.int64(513), 'widthMs': np.float64(51.3)}, {'halfHeight': 90, 'risingPnt': np.int64(814420), 'fallingPnt': np.int64(814778), 'widthPnts': np.int64(358), 'widthMs': np.float64(35.8)}]",113.5,103.7,79.8,51.3,35.8,yes,,,,,,unknown,,,
43,20191009_0005.abf,0,1,0.0,,dvdt,10.0,-20.0,0,"[10, 20, 50, 80, 90]",20260928,19:53:35,,,0.2.8.post45,ceeda3d8b38d399aaf1761b27ed8696acdeb9705,True,,43,43,0,"[{'Spike': 43, 'Seconds': np.float64(89.8006), 'Sweep': 0, 'Epoch': 1, 'Type': 'Fit EDD', 'Details': 'Early diastolic duration rate fit - Too low 2.374<=8'}]",,898006,89.8006,-38.45214843749998,1.04631696428573,898108,89.8108,13.933454241071422,52.3856026785714,10.199999999997544,898182,89.81819999999999,12.032645089285708,896319,-49.122663225446416,896488,897163,67.5,-48.01722935267855,-47.555106026785694,2.3738913501477517,,898026,-18.88602120535713,13.258330676020389,898305,9.504045758928568,-4.387057557397954,83645.0,8364.5,0.119552872257756,83695.0,8369.5,168.7,"[{'halfHeight': 10, 'risingPnt': np.int64(898014), 'fallingPnt': np.int64(899079), 'widthPnts': np.int64(1065), 'widthMs': np.float64(106.5)}, {'halfHeight': 20, 'risingPnt': np.int64(898018), 'fallingPnt': np.int64(898993), 'widthPnts': np.int64(975), 'widthMs': np.float64(97.5)}, {'halfHeight': 50, 'risingPnt': np.int64(898033), 'fallingPnt': np.int64(898750), 'widthPnts': np.int64(717), 'widthMs': np.float64(71.7)}, {'halfHeight': 80, 'risingPnt': np.int64(898051), 'fallingPnt': np.int64(898490), 'widthPnts': np.int64(439), 'widthMs': np.float64(43.9)}, {'halfHeight': 90, 'risingPnt': np.int64(898062), 'fallingPnt': np.int64(898327), 'widthPnts': np.int64(265), 'widthMs': np.float64(26.5)}]",106.5,97.5,71.7,43.9,26.5,yes,,,,,,unknown,,,
44,20191009_0005.abf,0,1,0.0,,dvdt,10.0,-20.0,0,"[10, 20, 50, 80, 90]",20260928,19:53:35,,,0.2.8.post45,ceeda3d8b38d399aaf1761b27ed8696acdeb9705,True,,44,44,0,[],,914656,91.46560000000001,-40.614536830357125,1.2431242028061285,914777,91.4777,13.096400669642852,53.71093749999998,12.099999999989564,914847,91.4847,11.544363839285708,913234,-49.99145507812497,913376,913945,56.9,-48.61886160714283,-48.08698381696426,22.070687053294805,,914689,-11.38741629464285,13.858717315051008,914959,9.922572544642852,-6.255480707908154,16650.0,1665.0,0.6006006006006006,16915.0,1691.5,142.2,"[{'halfHeight': 10, 'risingPnt': np.int64(914667), 'fallingPnt': np.int64(915725), 'widthPnts': np.int64(1058), 'widthMs': np.float64(105.8)}, {'halfHeight': 20, 'risingPnt': np.int64(914672), 'fallingPnt': np.int64(915642), 'widthPnts': np.int64(970), 'widthMs': np.float64(97.0)}, {'halfHeight': 50, 'risingPnt': np.int64(914688), 'fallingPnt': np.int64(915416), 'widthPnts': np.int64(728), 'widthMs': np.float64(72.8)}, {'halfHeight': 80, 'risingPnt': np.int64(914707), 'fallingPnt': np.int64(915143), 'widthPnts': np.int64(436), 'widthMs': np.float64(43.6)}, {'halfHeight': 90, 'risingPnt': np.int64(914720), 'fallingPnt': np.int64(915026), 'widthPnts': np.int64(306), 'widthMs': np.float64(30.6)}]",105.8,97.0,72.8,43.6,30.6,yes,,,,,,unknown,,,
45,20191009_0005.abf,0,1,0.0,,dvdt,10.0,-20.0,0,"[10, 20, 50, 80, 90]",20260928,19:53:35,,,0.2.8.post45,ceeda3d8b38d399aaf1761b27ed8696acdeb9705,True,,45,45,0,[],,923904,92.3904,-40.413992745535694,0.5181760204081565,924019,92.4019,14.657156808035706,55.0711495535714,11.499999999998067,924095,92.4095,12.486049107142852,921511,-51.521693638392826,921750,922707,95.7,-50.17089843749998,-48.58398437499998,19.74581384518023,,923920,-29.6107700892857,14.451630261479584,924166,11.474609374999995,-5.418427136479588,9248.0,924.8,1.0813148788927336,8277.0,827.7,239.3,"[{'halfHeight': 10, 'risingPnt': np.int64(923916), 'fallingPnt': np.int64(925015), 'widthPnts': np.int64(1099), 'widthMs': np.float64(109.9)}, {'halfHeight': 20, 'risingPnt': np.int64(923920), 'fallingPnt': np.int64(924938), 'widthPnts': np.int64(1018), 'widthMs': np.float64(101.8)}, {'halfHeight': 50, 'risingPnt': np.int64(923936), 'fallingPnt': np.int64(924696), 'widthPnts': np.int64(760), 'widthMs': np.float64(76.0)}, {'halfHeight': 80, 'risingPnt': np.int64(923956), 'fallingPnt': np.int64(924435), 'widthPnts': np.int64(479), 'widthMs': np.float64(47.9)}, {'halfHeight': 90, 'risingPnt': np.int64(923969), 'fallingPnt': np.int64(924282), 'widthPnts': np.int64(313), 'widthMs': np.float64(31.3)}]",109.9,101.8,76.0,47.9,31.3,yes,,,,,,unknown,,,
46,20191009_0005.abf,0,1,0.0,,dvdt,10.0,-20.0,0,"[10, 20, 50, 80, 90]",20260928,19:53:35,,,0.2.8.post45,ceeda3d8b38d399aaf1761b27ed8696acdeb9705,True,,46,46,0,[],,953693,95.36930000000001,-39.97802734374998,-0.39859693877549107,953780,95.378,17.41245814732142,57.3904854910714,8.699999999990382,953858,95.3858,13.671874999999995,952509,-51.835763113839256,952627,953101,47.4,-51.12130301339283,-48.98507254464283,37.380009427157965,,953717,-11.42229352678571,15.059490593112228,953932,11.396135602678566,-4.302355707908158,29789.0,2978.9,0.33569438383295847,30998.0,3099.8,118.4,"[{'halfHeight': 10, 'risingPnt': np.int64(953700), 'fallingPnt': np.int64(954720), 'widthPnts': np.int64(1020), 'widthMs': np.float64(102.0)}, {'halfHeight': 20, 'risingPnt': np.int64(953704), 'fallingPnt': np.int64(954640), 'widthPnts': np.int64(936), 'widthMs': np.float64(93.6)}, {'halfHeight': 50, 'risingPnt': np.int64(953717), 'fallingPnt': np.int64(954389), 'widthPnts': np.int64(672), 'widthMs': np.float64(67.2)}, {'halfHeight': 80, 'risingPnt': np.int64(953735), 'fallingPnt': np.int64(954106), 'widthPnts': np.int64(371), 'widthMs': np.float64(37.1)}, {'halfHeight': 90, 'risingPnt': np.int64(953746), 'fallingPnt': np.int64(953932), 'widthPnts': np.int64(186), 'widthMs': np.float64(18.6)}]",102.0,93.6,67.2,37.1,18.6,yes,,,,,,unknown,,,
47,20191009_0005.abf,0,1,0.0,,dvdt,10.0,-20.0,0,"[10, 20, 50, 80, 90]",20260928,19:53:35,,,0.2.8.post45,ceeda3d8b38d399aaf1761b27ed8696acdeb9705,True,,47,47,0,[],,963434,96.34339999999999,-38.75732421874998,0.8594746492346903,963531,96.35310000000001,18.10128348214285,56.85860770089283,9.700000000023579,963609,96.3609,14.116559709821422,961705,-50.96749441964283,961878,962569,69.1,-49.08098493303569,-47.91259765624998,12.33594686984219,,963452,-20.071847098214278,14.229910714285694,963710,12.01520647321428,-5.854392538265295,9741.0,974.1,1.0265886459295759,9196.0,919.6,172.9,"[{'halfHeight': 10, 'risingPnt': np.int64(963441), 'fallingPnt': np.int64(964506), 'widthPnts': np.int64(1065), 'widthMs': np.float64(106.5)}, {'halfHeight': 20, 'risingPnt': np.int64(963447), 'fallingPnt': np.int64(964420), 'widthPnts': np.int64(973), 'widthMs': np.float64(97.3)}, {'halfHeight': 50, 'risingPnt': np.int64(963461), 'fallingPnt': np.int64(964179), 'widthPnts': np.int64(718), 'widthMs': np.float64(71.8)}, {'halfHeight': 80, 'risingPnt': np.int64(963479), 'fallingPnt': np.int64(963882), 'widthPnts': np.int64(403), 'widthMs': np.float64(40.3)}, {'halfHeight': 90, 'risingPnt': np.int64(963491), 'fallingPnt': np.int64(963684), 'widthPnts': np.int64(193), 'widthMs': np.float64(19.3)}]",106.5,97.3,71.8,40.3,19.3,yes,,,,,,unknown,,,
48,20191009_0005.abf,0,1,0.0,,dvdt,10.0,-20.0,0,"[10, 20, 50, 80, 90]",20260928,19:53:35,,,0.2.8.post45,ceeda3d8b38d399aaf1761b27ed8696acdeb9705,True,,48,48,0,[],,974988,97.4988,-41.31208147321426,0.12456154336734958,975078,97.5078,16.052246093749993,57.364327566964256,9.000000000000341,975147,97.51469999999999,13.558523995535708,973665,-53.02943638392856,973797,974327,53.0,-51.52239118303569,-50.78124999999998,31.50354598514696,,975006,-23.29799107142856,15.821807238520403,975127,14.918736049107135,-4.960040656887752,11554.0,1155.4,0.8655011251514627,11960.0,1196.0,132.3,"[{'halfHeight': 10, 'risingPnt': np.int64(974996), 'fallingPnt': np.int64(976134), 'widthPnts': np.int64(1138), 'widthMs': np.float64(113.8)}, {'halfHeight': 20, 'risingPnt': np.int64(975001), 'fallingPnt': np.int64(976045), 'widthPnts': np.int64(1044), 'widthMs': np.float64(104.4)}, {'halfHeight': 50, 'risingPnt': np.int64(975016), 'fallingPnt': np.int64(975782), 'widthPnts': np.int64(766), 'widthMs': np.float64(76.6)}, {'halfHeight': 80, 'risingPnt': np.int64(975034), 'fallingPnt': np.int64(975467), 'widthPnts': np.int64(433), 'widthMs': np.float64(43.3)}, {'halfHeight': 90, 'risingPnt': np.int64(975045), 'fallingPnt': np.int64(975324), 'widthPnts': np.int64(279), 'widthMs': np.float64(27.9)}]",113.8,104.4,76.6,43.3,27.9,yes,,,,,,unknown,,,
49,20191009_0005.abf,0,1,0.0,,dvdt,10.0,-20.0,0,"[10, 20, 50, 80, 90]",20260928,19:53:35,,,0.2.8.post45,ceeda3d8b38d399aaf1761b27ed8696acdeb9705,True,,49,49,0,[],,999500,99.95,-40.27448381696426,0.5655094068877577,999588,99.9588,18.676757812499993,58.951241629464256,8.799999999993702,999665,99.9665,14.003208705357135,997725,-53.2754952566964,997903,998613,71.0,-52.08914620535712,-50.74637276785712,20.595348959199914,,999519,-20.019531249999993,17.448580994897934,999774,10.99504743303571,-5.839445153061219,24512.0,2451.2,0.4079634464751959,24060.0,2406.0,177.5,"[{'halfHeight': 10, 'risingPnt': np.int64(999509), 'fallingPnt': np.int64(1000574), 'widthPnts': np.int64(1065), 'widthMs': np.float64(106.5)}, {'halfHeight': 20, 'risingPnt': np.int64(999513), 'fallingPnt': np.int64(1000482), 'widthPnts': np.int64(969), 'widthMs': np.float64(96.9)}, {'halfHeight': 50, 'risingPnt': np.int64(999527), 'fallingPnt': np.int64(1000215), 'widthPnts': np.int64(688), 'widthMs': np.float64(68.8)}, {'halfHeight': 80, 'risingPnt': np.int64(999543), 'fallingPnt': np.int64(999886), 'widthPnts': np.int64(343), 'widthMs': np.float64(34.3)}, {'halfHeight': 90, 'risingPnt': np.int64(999552), 'fallingPnt': np.int64(999700), 'widthPnts': np.int64(148), 'widthMs': np.float64(14.8)}]",106.5,96.9,68.8,34.3,14.8,yes,,,,,,unknown,,,
50,20191009_0005.abf,0,1,0.0,,dvdt,10.0,-20.0,0,"[10, 20, 50, 80, 90]",20260928,19:53:35,,,0.2.8.post45,ceeda3d8b38d399aaf1761b27ed8696acdeb9705,True,,50,50,0,[],,1008261,100.82610000000001,-39.97802734374998,-0.06726323341836707,1008356,100.8356,17.333984374999993,57.31201171874997,9.499999999988518,1008430,100.843,14.604840959821422,1005999,-51.78170340401783,1006225,1007130,90.5,-50.35400390624998,-49.36000279017855,10.102055576945698,,1008278,-25.992257254464274,15.580157844387738,1008416,15.49421037946428,-4.31979432397959,8761.0,876.1,1.141422212076247,8274.0,827.4,226.2,"[{'halfHeight': 10, 'risingPnt': np.int64(1008272), 'fallingPnt': np.int64(1009385), 'widthPnts': np.int64(1113), 'widthMs': np.float64(111.3)}, {'halfHeight': 20, 'risingPnt': np.int64(1008277), 'fallingPnt': np.int64(1009302), 'widthPnts': np.int64(1025), 'widthMs': np.float64(102.5)}, {'halfHeight': 50, 'risingPnt': np.int64(1008290), 'fallingPnt': np.int64(1009054), 'widthPnts': np.int64(764), 'widthMs': np.float64(76.4)}, {'halfHeight': 80, 'risingPnt': np.int64(1008307), 'fallingPnt': np.int64(1008762), 'widthPnts': np.int64(455), 'widthMs': np.float64(45.5)}, {'halfHeight': 90, 'risingPnt': np.int64(1008318), 'fallingPnt': np.int64(1008576), 'widthPnts': np.int64(258), 'widthMs': np.float64(25.8)}]",111.3,102.5,76.4,45.5,25.8,yes,,,,,,unknown,,,
51,20191009_0005.abf,0,1,0.0,,dvdt,10.0,-20.0,0,"[10, 20, 50, 80, 90]",20260928,19:53:35,,,0.2.8.post45,ceeda3d8b38d399aaf1761b27ed8696acdeb9705,True,,51,51,0,[],,1029862,102.9862,-38.844517299107125,1.0712292729591815,1029945,102.9945,18.301827566964278,57.1463448660714,8.300000000005525,1030019,103.00189999999999,14.971051897321422,1027539,-52.45919363839285,1027771,1028701,93.0,-51.07770647321426,-48.07826450892855,26.156523456569058,,1029889,-9.34709821428571,15.74956154336733,1030018,15.372140066964278,-5.630181760204069,21601.0,2160.1,0.4629415304846998,21540.0,2154.0,232.3,"[{'halfHeight': 10, 'risingPnt': np.int64(1029871), 'fallingPnt': np.int64(1031000), 'widthPnts': np.int64(1129), 'widthMs': np.float64(112.9)}, {'halfHeight': 20, 'risingPnt': np.int64(1029876), 'fallingPnt': np.int64(1030925), 'widthPnts': np.int64(1049), 'widthMs': np.float64(104.9)}, {'halfHeight': 50, 'risingPnt': np.int64(1029889), 'fallingPnt': np.int64(1030650), 'widthPnts': np.int64(761), 'widthMs': np.float64(76.1)}, {'halfHeight': 80, 'risingPnt': np.int64(1029906), 'fallingPnt': np.int64(1030322), 'widthPnts': np.int64(416), 'widthMs': np.float64(41.6)}, {'halfHeight': 90, 'risingPnt': np.int64(1029917), 'fallingPnt': np.int64(1030151), 'widthPnts': np.int64(234), 'widthMs': np.float64(23.4)}]",112.9,104.9,76.1,41.6,23.4,yes,,,,,,unknown,,,
52,20191009_0005.abf,0,1,0.0,,dvdt,10.0,-20.0,0,"[10, 20, 50, 80, 90]",20260928,19:53:35,,,0.2.8.post45,ceeda3d8b38d399aaf1761b27ed8696acdeb9705,True,,52,52,0,[],,1059292,105.9292,-40.126255580357125,1.447405133928573,1059382,105.9382,20.75195312499999,60.87820870535711,9.000000000000341,1059458,105.9458,15.546526227678564,1057345,-53.17487444196426,1057540,1058319,77.9,-52.41176060267855,-49.77852957589283,32.18076926204943,,1059307,-26.384626116071416,16.469527264030614,1059466,14.892578124999993,-4.673549107142858,29430.0,2943.0,0.3397893306150187,29806.0,2980.6,194.7,"[{'halfHeight': 10, 'risingPnt': np.int64(1059302), 'fallingPnt': np.int64(1060371), 'widthPnts': np.int64(1069), 'widthMs': np.float64(106.9)}, {'halfHeight': 20, 'risingPnt': np.int64(1059306), 'fallingPnt': np.int64(1060277), 'widthPnts': np.int64(971), 'widthMs': np.float64(97.1)}, {'halfHeight': 50, 'risingPnt': np.int64(1059319), 'fallingPnt': np.int64(1060028), 'widthPnts': np.int64(709), 'widthMs': np.float64(70.9)}, {'halfHeight': 80, 'risingPnt': np.int64(1059336), 'fallingPnt': np.int64(1059651), 'widthPnts': np.int64(315), 'widthMs': np.float64(31.5)}, {'halfHeight': 90, 'risingPnt': np.int64(1059346), 'fallingPnt': np.int64(1059467), 'widthPnts': np.int64(121), 'widthMs': np.float64(12.1)}]",106.9,97.1,70.9,31.5,12.1,yes,,,,,,unknown,,,
53,20191009_0005.abf,0,1,0.0,,dvdt,10.0,-20.0,0,"[10, 20, 50, 80, 90]",20260928,19:53:35,,,0.2.8.post45,ceeda3d8b38d399aaf1761b27ed8696acdeb9705,True,,53,53,0,[],,1079788,107.9788,-40.36167689732141,0.28400031887754984,1079877,107.9877,21.231515066964278,61.59319196428569,8.899999999997021,1079952,107.9952,15.345982142857135,1078378,-52.457449776785694,1078519,1079083,56.4,-51.60086495535712,-48.98507254464283,30.675907377451217,,1079806,-22.27783203124999,18.616968271683664,1079986,13.76778738839285,-5.092075892857134,20496.0,2049.6,0.48790007806401253,21033.0,2103.3,141.0,"[{'halfHeight': 10, 'risingPnt': np.int64(1079798), 'fallingPnt': np.int64(1080860), 'widthPnts': np.int64(1062), 'widthMs': np.float64(106.2)}, {'halfHeight': 20, 'risingPnt': np.int64(1079803), 'fallingPnt': np.int64(1080768), 'widthPnts': np.int64(965), 'widthMs': np.float64(96.5)}, {'halfHeight': 50, 'risingPnt': np.int64(1079816), 'fallingPnt': np.int64(1080495), 'widthPnts': np.int64(679), 'widthMs': np.float64(67.9)}, {'halfHeight': 80, 'risingPnt': np.int64(1079832), 'fallingPnt': np.int64(1080148), 'widthPnts': np.int64(316), 'widthMs': np.float64(31.6)}, {'halfHeight': 90, 'risingPnt': np.int64(1079842), 'fallingPnt': np.int64(1079960), 'widthPnts': np.int64(118), 'widthMs': np.float64(11.8)}]",106.2,96.5,67.9,31.6,11.8,yes,,,,,,unknown,,,
54,20191009_0005.abf,0,1,0.0,,dvdt,10.0,-20.0,0,"[10, 20, 50, 80, 90]",20260928,19:53:35,,,0.2.8.post45,ceeda3d8b38d399aaf1761b27ed8696acdeb9705,True,,54,54,0,"[{'Spike': 54, 'Seconds': np.float64(110.695), 'Sweep': 0, 'Epoch': 1, 'Type': 'Fast AHP was detected at end of fast AHP window', 'Details': 'Consider increasing the fast AHP window with fastAhpWindow_ms'}]",,1106950,110.695,-40.919712611607125,1.3153698979591906,1107033,110.7033,22.15576171874999,63.07547433035711,8.300000000005525,1107112,110.71119999999999,16.104561941964278,1105192,-53.62792968749997,1105368,1106071,70.3,-52.47279575892855,-50.20577566964283,26.88992027113566,,1106980,-6.321498325892854,17.645388233418352,1107111,16.226632254464278,-5.844427614795916,27162.0,2716.2,0.3681614019586187,26814.0,2681.4,175.8,"[{'halfHeight': 10, 'risingPnt': np.int64(1106962), 'fallingPnt': np.int64(1108044), 'widthPnts': np.int64(1082), 'widthMs': np.float64(108.2)}, {'halfHeight': 20, 'risingPnt': np.int64(1106966), 'fallingPnt': np.int64(1107947), 'widthPnts': np.int64(981), 'widthMs': np.float64(98.1)}, {'halfHeight': 50, 'risingPnt': np.int64(1106979), 'fallingPnt': np.int64(1107659), 'widthPnts': np.int64(680), 'widthMs': np.float64(68.0)}, {'halfHeight': 80, 'risingPnt': np.int64(1106994), 'fallingPnt': np.int64(1107316), 'widthPnts': np.int64(322), 'widthMs': np.float64(32.2)}, {'halfHeight': 90, 'risingPnt': np.int64(1107003), 'fallingPnt': np.int64(1107124), 'widthPnts': np.int64(121), 'widthMs': np.float64(12.1)}]",108.2,98.1,68.0,32.2,12.1,yes,,,,,,unknown,,,
55,20191009_0005.abf,0,1,0.0,,dvdt,10.0,-20.0,0,"[10, 20, 50, 80, 90]",20260928,19:53:35,,,0.2.8.post45,ceeda3d8b38d399aaf1761b27ed8696acdeb9705,True,,55,55,0,[],,1124400,112.44,-39.777483258928555,1.1459661989795928,1124478,112.4478,20.28982979910713,60.06731305803569,7.800000000003138,1124554,112.4554,14.997209821428564,1122873,-52.99682617187497,1123026,1123637,61.1,-52.49023437499998,-49.10714285714283,49.54662235629004,,1124425,-8.832659040178568,18.009107940051,1124520,17.142159598214278,-5.2216198979591635,17450.0,1745.0,0.5730659025787965,17681.0,1768.1,152.7,"[{'halfHeight': 10, 'risingPnt': np.int64(1124408), 'fallingPnt': np.int64(1125421), 'widthPnts': np.int64(1013), 'widthMs': np.float64(101.3)}, {'halfHeight': 20, 'risingPnt': np.int64(1124412), 'fallingPnt': np.int64(1125330), 'widthPnts': np.int64(918), 'widthMs': np.float64(91.8)}, {'halfHeight': 50, 'risingPnt': np.int64(1124425), 'fallingPnt': np.int64(1125073), 'widthPnts': np.int64(648), 'widthMs': np.float64(64.8)}, {'halfHeight': 80, 'risingPnt': np.int64(1124441), 'fallingPnt': np.int64(1124759), 'widthPnts': np.int64(318), 'widthMs': np.float64(31.8)}, {'halfHeight': 90, 'risingPnt': np.int64(1124451), 'fallingPnt': np.int64(1124572), 'widthPnts': np.int64(121), 'widthMs': np.float64(12.1)}]",101.3,91.8,64.8,31.8,12.1,yes,,,,,,unknown,,,
56,20191009_0005.abf,0,1,0.0,,dvdt,10.0,-20.0,0,"[10, 20, 50, 80, 90]",20260928,19:53:35,,,0.2.8.post45,ceeda3d8b38d399aaf1761b27ed8696acdeb9705,True,,56,56,0,[],,1136661,113.6661,-39.882114955357125,1.6541772959183705,1136737,113.6737,22.26039341517856,62.14250837053568,7.5999999999964984,1136814,113.6814,16.505650111607135,1135359,-51.20082310267854,1135489,1136010,52.1,-50.53710937499998,-49.17689732142855,43.82783635610248,,1136686,-7.402692522321425,18.15609056122447,1136759,20.664760044642847,-4.319794323979588,12261.0,1226.1,0.8155941603458119,12486.0,1248.6,130.2,"[{'halfHeight': 10, 'risingPnt': np.int64(1136670), 'fallingPnt': np.int64(1137748), 'widthPnts': np.int64(1078), 'widthMs': np.float64(107.8)}, {'halfHeight': 20, 'risingPnt': np.int64(1136674), 'fallingPnt': np.int64(1137652), 'widthPnts': np.int64(978), 'widthMs': np.float64(97.8)}, {'halfHeight': 50, 'risingPnt': np.int64(1136686), 'fallingPnt': np.int64(1137371), 'widthPnts': np.int64(685), 'widthMs': np.float64(68.5)}, {'halfHeight': 80, 'risingPnt': np.int64(1136701), 'fallingPnt': np.int64(1136997), 'widthPnts': np.int64(296), 'widthMs': np.float64(29.6)}, {'halfHeight': 90, 'risingPnt': np.int64(1136710), 'fallingPnt': np.int64(1136821), 'widthPnts': np.int64(111), 'widthMs': np.float64(11.1)}]",107.8,97.8,68.5,29.6,11.1,yes,,,,,,unknown,,,
57,20191009_0005.abf,0,1,0.0,,dvdt,10.0,-20.0,0,"[10, 20, 50, 80, 90]",20260928,19:53:35,,,0.2.8.post45,ceeda3d8b38d399aaf1761b27ed8696acdeb9705,True,,57,57,0,"[{'Spike': 57, 'Seconds': np.float64(116.3257), 'Sweep': 0, 'Epoch': 1, 'Type': 'Fit EDD', 'Details': 'Early diastolic duration rate fit - Too low 2.158<=8'}]",,1163257,116.3257,-38.277762276785694,-0.9790537308673363,1163348,116.3348,20.603724888392847,58.88148716517854,9.10000000000366,1163424,116.3424,15.29366629464285,1160846,-48.671003069196416,1161087,1162052,96.5,-47.52894810267855,-47.27608816964283,2.1581652379493725,,1163276,-16.305106026785705,17.954300860969376,1163494,12.285505022321422,-4.738321109693873,26596.0,2659.6,0.3759963904346519,25487.0,2548.7,241.1,"[{'halfHeight': 10, 'risingPnt': np.int64(1163264), 'fallingPnt': np.int64(1164305), 'widthPnts': np.int64(1041), 'widthMs': np.float64(104.1)}, {'halfHeight': 20, 'risingPnt': np.int64(1163269), 'fallingPnt': np.int64(1164209), 'widthPnts': np.int64(940), 'widthMs': np.float64(94.0)}, {'halfHeight': 50, 'risingPnt': np.int64(1163282), 'fallingPnt': np.int64(1163961), 'widthPnts': np.int64(679), 'widthMs': np.float64(67.9)}, {'halfHeight': 80, 'risingPnt': np.int64(1163299), 'fallingPnt': np.int64(1163647), 'widthPnts': np.int64(348), 'widthMs': np.float64(34.8)}, {'halfHeight': 90, 'risingPnt': np.int64(1163308), 'fallingPnt': np.int64(1163437), 'widthPnts': np.int64(129), 'widthMs': np.float64(12.9)}]",104.1,94.0,67.9,34.8,12.9,yes,,,,,,unknown,,,
58,20191009_0005.abf,0,1,0.0,,dvdt,10.0,-20.0,0,"[10, 20, 50, 80, 90]",20260928,19:53:35,,,0.2.8.post45,ceeda3d8b38d399aaf1761b27ed8696acdeb9705,True,,58,58,0,"[{'Spike': 58, 'Seconds': np.float64(117.5578), 'Sweep': 0, 'Epoch': 1, 'Type': 'Fast AHP was detected at end of fast AHP window', 'Details': 'Consider increasing the fast AHP window with fastAhpWindow_ms'}]",,1175578,117.5578,-39.73388671874998,1.6865632971938773,1175660,117.566,23.21079799107142,62.9446847098214,8.200000000002206,1175739,117.5739,16.095842633928562,1174679,-51.37329101562498,1174769,1175129,36.0,-50.31040736607141,-48.45319475446426,56.58695168321102,,1175600,-15.06696428571428,17.585598692602026,1175757,15.372140066964278,-4.210180165816322,12321.0,1232.1,0.8116224332440549,13833.0,1383.3,89.9,"[{'halfHeight': 10, 'risingPnt': np.int64(1175587), 'fallingPnt': np.int64(1176638), 'widthPnts': np.int64(1051), 'widthMs': np.float64(105.1)}, {'halfHeight': 20, 'risingPnt': np.int64(1175593), 'fallingPnt': np.int64(1176549), 'widthPnts': np.int64(956), 'widthMs': np.float64(95.6)}, {'halfHeight': 50, 'risingPnt': np.int64(1175605), 'fallingPnt': np.int64(1176268), 'widthPnts': np.int64(663), 'widthMs': np.float64(66.3)}, {'halfHeight': 80, 'risingPnt': np.int64(1175621), 'fallingPnt': np.int64(1175870), 'widthPnts': np.int64(249), 'widthMs': np.float64(24.9)}, {'halfHeight': 90, 'risingPnt': np.int64(1175628), 'fallingPnt': np.int64(1175728), 'widthPnts': np.int64(100), 'widthMs': np.float64(10.0)}]",105.1,95.6,66.3,24.9,10.0,yes,,,,,,unknown,,,
59,20191009_0005.abf,0,1,0.0,,dvdt,10.0,-20.0,0,"[10, 20, 50, 80, 90]",20260928,19:53:35,,,0.2.8.post45,ceeda3d8b38d399aaf1761b27ed8696acdeb9705,True,,59,59,0,"[{'Spike': 59, 'Seconds': np.float64(118.6236), 'Sweep': 0, 'Epoch': 1, 'Type': 'Fast AHP was detected at end of fast AHP window', 'Details': 'Consider increasing the fast AHP window with fastAhpWindow_ms'}]",,1186236,118.62360000000001,-39.393833705357125,0.9566326530612157,1186321,118.63210000000001,20.237513950892847,59.63134765624997,8.499999999997954,1186400,118.64,15.755789620535706,1183925,-52.23039899553569,1184156,1185081,92.5,-51.56598772321426,-49.40359933035712,20.953288697587613,,1186256,-17.79610770089285,16.868124202806097,1186374,16.94161551339285,-5.978954081632634,10658.0,1065.8,0.9382623381497468,9246.0,924.6,231.1,"[{'halfHeight': 10, 'risingPnt': np.int64(1186245), 'fallingPnt': np.int64(1187316), 'widthPnts': np.int64(1071), 'widthMs': np.float64(107.1)}, {'halfHeight': 20, 'risingPnt': np.int64(1186250), 'fallingPnt': np.int64(1187230), 'widthPnts': np.int64(980), 'widthMs': np.float64(98.0)}, {'halfHeight': 50, 'risingPnt': np.int64(1186262), 'fallingPnt': np.int64(1186959), 'widthPnts': np.int64(697), 'widthMs': np.float64(69.7)}, {'halfHeight': 80, 'risingPnt': np.int64(1186280), 'fallingPnt': np.int64(1186607), 'widthPnts': np.int64(327), 'widthMs': np.float64(32.7)}, {'halfHeight': 90, 'risingPnt': np.int64(1186289), 'fallingPnt': np.int64(1186441), 'widthPnts': np.int64(152), 'widthMs': np.float64(15.2)}]",107.1,98.0,69.7,32.7,15.2,yes,,,,,,unknown,,,
